timestamp,feature_0,state,is_anomaly,sensor
2025-04-07 00:00:00,20.0,off,False,temperatureSensor1
2025-04-07 00:01:00,20.0,off,False,temperatureSensor1
2025-04-07 00:02:00,20.0,off,False,temperatureSensor1
2025-04-07 00:03:00,20.0,off,False,temperatureSensor1
2025-04-07 00:04:00,20.0,off,False,temperatureSensor1
2025-04-07 00:05:00,20.0,off,False,temperatureSensor1
2025-04-07 00:06:00,20.0,off,False,temperatureSensor1
2025-04-07 00:07:00,20.0,off,False,temperatureSensor1
2025-04-07 00:08:00,20.0,off,False,temperatureSensor1
2025-04-07 00:09:00,20.0,off,False,temperatureSensor1
2025-04-07 00:10:00,20.0,off,False,temperatureSensor1
2025-04-07 00:11:00,20.0,off,False,temperatureSensor1
2025-04-07 00:12:00,20.0,off,False,temperatureSensor1
2025-04-07 00:13:00,20.0,off,False,temperatureSensor1
2025-04-07 00:14:00,20.0,off,False,temperatureSensor1
2025-04-07 00:15:00,20.0,off,False,temperatureSensor1
2025-04-07 00:16:00,20.0,off,False,temperatureSensor1
2025-04-07 00:17:00,20.0,off,False,temperatureSensor1
2025-04-07 00:18:00,20.0,off,False,temperatureSensor1
2025-04-07 00:19:00,20.0,off,False,temperatureSensor1
2025-04-07 00:20:00,20.0,off,False,temperatureSensor1
2025-04-07 00:21:00,20.0,off,False,temperatureSensor1
2025-04-07 00:22:00,20.0,off,False,temperatureSensor1
2025-04-07 00:23:00,20.0,off,False,temperatureSensor1
2025-04-07 00:24:00,20.0,off,False,temperatureSensor1
2025-04-07 00:25:00,20.0,off,False,temperatureSensor1
2025-04-07 00:26:00,20.0,off,False,temperatureSensor1
2025-04-07 00:27:00,20.0,off,False,temperatureSensor1
2025-04-07 00:28:00,20.0,off,False,temperatureSensor1
2025-04-07 00:29:00,20.0,off,False,temperatureSensor1
2025-04-07 00:30:00,20.0,off,False,temperatureSensor1
2025-04-07 00:31:00,20.0,off,False,temperatureSensor1
2025-04-07 00:32:00,20.0,off,False,temperatureSensor1
2025-04-07 00:33:00,20.0,off,False,temperatureSensor1
2025-04-07 00:34:00,20.0,off,False,temperatureSensor1
2025-04-07 00:35:00,20.0,off,False,temperatureSensor1
2025-04-07 00:36:00,20.0,off,False,temperatureSensor1
2025-04-07 00:37:00,20.0,off,False,temperatureSensor1
2025-04-07 00:38:00,20.0,off,False,temperatureSensor1
2025-04-07 00:39:00,20.0,off,False,temperatureSensor1
2025-04-07 00:40:00,20.0,off,False,temperatureSensor1
2025-04-07 00:41:00,20.0,off,False,temperatureSensor1
2025-04-07 00:42:00,20.0,off,False,temperatureSensor1
2025-04-07 00:43:00,20.0,off,False,temperatureSensor1
2025-04-07 00:44:00,20.0,off,False,temperatureSensor1
2025-04-07 00:45:00,20.0,off,False,temperatureSensor1
2025-04-07 00:46:00,20.0,off,False,temperatureSensor1
2025-04-07 00:47:00,20.0,off,False,temperatureSensor1
2025-04-07 00:48:00,20.0,off,False,temperatureSensor1
2025-04-07 00:49:00,20.0,off,False,temperatureSensor1
2025-04-07 00:50:00,20.0,off,False,temperatureSensor1
2025-04-07 00:51:00,20.0,off,False,temperatureSensor1
2025-04-07 00:52:00,20.0,off,False,temperatureSensor1
2025-04-07 00:53:00,20.0,off,False,temperatureSensor1
2025-04-07 00:54:00,20.0,off,False,temperatureSensor1
2025-04-07 00:55:00,20.0,off,False,temperatureSensor1
2025-04-07 00:56:00,20.0,off,False,temperatureSensor1
2025-04-07 00:57:00,20.0,off,False,temperatureSensor1
2025-04-07 00:58:00,20.0,off,False,temperatureSensor1
2025-04-07 00:59:00,20.0,off,False,temperatureSensor1
2025-04-07 01:00:00,20.0,off,False,temperatureSensor1
2025-04-07 01:01:00,20.0,off,False,temperatureSensor1
2025-04-07 01:02:00,20.0,off,False,temperatureSensor1
2025-04-07 01:03:00,20.0,off,False,temperatureSensor1
2025-04-07 01:04:00,20.0,off,False,temperatureSensor1
2025-04-07 01:05:00,20.0,off,False,temperatureSensor1
2025-04-07 01:06:00,20.0,off,False,temperatureSensor1
2025-04-07 01:07:00,20.0,off,False,temperatureSensor1
2025-04-07 01:08:00,20.0,off,False,temperatureSensor1
2025-04-07 01:09:00,20.0,off,False,temperatureSensor1
2025-04-07 01:10:00,20.0,off,False,temperatureSensor1
2025-04-07 01:11:00,20.0,off,False,temperatureSensor1
2025-04-07 01:12:00,20.0,off,False,temperatureSensor1
2025-04-07 01:13:00,20.0,off,False,temperatureSensor1
2025-04-07 01:14:00,20.0,off,False,temperatureSensor1
2025-04-07 01:15:00,20.0,off,False,temperatureSensor1
2025-04-07 01:16:00,20.0,off,False,temperatureSensor1
2025-04-07 01:17:00,20.0,off,False,temperatureSensor1
2025-04-07 01:18:00,20.0,off,False,temperatureSensor1
2025-04-07 01:19:00,20.0,off,False,temperatureSensor1
2025-04-07 01:20:00,20.0,off,False,temperatureSensor1
2025-04-07 01:21:00,20.0,off,False,temperatureSensor1
2025-04-07 01:22:00,20.0,off,False,temperatureSensor1
2025-04-07 01:23:00,20.0,off,False,temperatureSensor1
2025-04-07 01:24:00,20.0,off,False,temperatureSensor1
2025-04-07 01:25:00,20.0,off,False,temperatureSensor1
2025-04-07 01:26:00,20.0,off,False,temperatureSensor1
2025-04-07 01:27:00,20.0,off,False,temperatureSensor1
2025-04-07 01:28:00,20.0,off,False,temperatureSensor1
2025-04-07 01:29:00,20.0,off,False,temperatureSensor1
2025-04-07 01:30:00,20.0,idle,False,temperatureSensor1
2025-04-07 01:31:00,20.0,idle,False,temperatureSensor1
2025-04-07 01:32:00,20.0,idle,False,temperatureSensor1
2025-04-07 01:33:00,20.0,idle,False,temperatureSensor1
2025-04-07 01:34:00,20.0,idle,False,temperatureSensor1
2025-04-07 01:35:00,20.0,idle,False,temperatureSensor1
2025-04-07 01:36:00,20.0,idle,False,temperatureSensor1
2025-04-07 01:37:00,20.0,idle,False,temperatureSensor1
2025-04-07 01:38:00,20.0,idle,False,temperatureSensor1
2025-04-07 01:39:00,20.0,idle,False,temperatureSensor1
2025-04-07 01:40:00,20.0,idle,False,temperatureSensor1
2025-04-07 01:41:00,20.0,idle,False,temperatureSensor1
2025-04-07 01:42:00,20.0,idle,False,temperatureSensor1
2025-04-07 01:43:00,20.0,idle,False,temperatureSensor1
2025-04-07 01:44:00,20.0,idle,False,temperatureSensor1
2025-04-07 01:45:00,20.0,idle,False,temperatureSensor1
2025-04-07 01:46:00,20.0,idle,False,temperatureSensor1
2025-04-07 01:47:00,20.0,idle,False,temperatureSensor1
2025-04-07 01:48:00,20.0,idle,False,temperatureSensor1
2025-04-07 01:49:00,20.0,idle,False,temperatureSensor1
2025-04-07 01:50:00,20.0,idle,False,temperatureSensor1
2025-04-07 01:51:00,20.0,idle,False,temperatureSensor1
2025-04-07 01:52:00,20.0,idle,False,temperatureSensor1
2025-04-07 01:53:00,20.0,idle,False,temperatureSensor1
2025-04-07 01:54:00,20.0,idle,False,temperatureSensor1
2025-04-07 01:55:00,20.0,idle,False,temperatureSensor1
2025-04-07 01:56:00,20.0,idle,False,temperatureSensor1
2025-04-07 01:57:00,20.0,idle,False,temperatureSensor1
2025-04-07 01:58:00,20.0,idle,False,temperatureSensor1
2025-04-07 01:59:00,20.0,idle,False,temperatureSensor1
2025-04-07 02:00:00,66.33143138907207,run,False,temperatureSensor1
2025-04-07 02:01:00,66.74761570433235,run,False,temperatureSensor1
2025-04-07 02:02:00,72.01964752486484,run,False,temperatureSensor1
2025-04-07 02:03:00,79.26424976583118,run,False,temperatureSensor1
2025-04-07 02:04:00,78.90614922848226,run,False,temperatureSensor1
2025-04-07 02:05:00,75.71038525116717,run,False,temperatureSensor1
2025-04-07 02:06:00,64.07939996174397,run,False,temperatureSensor1
2025-04-07 02:07:00,77.22444412171001,run,False,temperatureSensor1
2025-04-07 02:08:00,75.0621750533148,run,False,temperatureSensor1
2025-04-07 02:09:00,70.404080277704,run,False,temperatureSensor1
2025-04-07 02:10:00,64.99673822101563,run,False,temperatureSensor1
2025-04-07 02:11:00,64.93619930567822,run,False,temperatureSensor1
2025-04-07 02:12:00,66.28013428313844,run,False,temperatureSensor1
2025-04-07 02:13:00,74.04222307048411,run,False,temperatureSensor1
2025-04-07 02:14:00,76.97633480144941,run,False,temperatureSensor1
2025-04-07 02:15:00,71.2946817776238,run,False,temperatureSensor1
2025-04-07 02:16:00,64.8601796158404,run,False,temperatureSensor1
2025-04-07 02:17:00,68.02070375205857,run,False,temperatureSensor1
2025-04-07 02:18:00,78.10197956038903,run,False,temperatureSensor1
2025-04-07 02:19:00,70.49723898900439,run,False,temperatureSensor1
2025-04-07 02:20:00,65.08880152321976,run,False,temperatureSensor1
2025-04-07 02:21:00,75.31948844640502,run,False,temperatureSensor1
2025-04-07 02:22:00,69.9056019354883,run,False,temperatureSensor1
2025-04-07 02:23:00,72.38106921411904,run,False,temperatureSensor1
2025-04-07 02:24:00,77.9889742046983,run,False,temperatureSensor1
2025-04-07 02:25:00,66.61668982072891,run,False,temperatureSensor1
2025-04-07 02:26:00,74.06617269431602,run,False,temperatureSensor1
2025-04-07 02:27:00,71.91024063739403,run,False,temperatureSensor1
2025-04-07 02:28:00,77.47117124817407,run,False,temperatureSensor1
2025-04-07 02:29:00,64.02773704765933,run,False,temperatureSensor1
2025-04-07 02:30:00,69.70085080995406,run,False,temperatureSensor1
2025-04-07 02:31:00,73.37775468100037,run,False,temperatureSensor1
2025-04-07 02:32:00,77.8190265954994,run,False,temperatureSensor1
2025-04-07 02:33:00,75.2878173754305,run,False,temperatureSensor1
2025-04-07 02:34:00,67.5636780953349,run,False,temperatureSensor1
2025-04-07 02:35:00,78.9214865238635,run,False,temperatureSensor1
2025-04-07 02:36:00,72.26556752602299,run,False,temperatureSensor1
2025-04-07 02:37:00,68.50159712828437,run,False,temperatureSensor1
2025-04-07 02:38:00,68.02278008166954,run,False,temperatureSensor1
2025-04-07 02:39:00,71.32627706726642,run,False,temperatureSensor1
2025-04-07 02:40:00,77.5521658137396,run,False,temperatureSensor1
2025-04-07 02:41:00,71.55283342574455,run,False,temperatureSensor1
2025-04-07 02:42:00,69.69311395436199,run,False,temperatureSensor1
2025-04-07 02:43:00,78.3912216311759,run,False,temperatureSensor1
2025-04-07 02:44:00,65.620997493053,run,False,temperatureSensor1
2025-04-07 02:45:00,69.93902526172253,run,False,temperatureSensor1
2025-04-07 02:46:00,79.9240907166035,run,False,temperatureSensor1
2025-04-07 02:47:00,76.0359412067315,run,False,temperatureSensor1
2025-04-07 02:48:00,68.68469971111011,run,False,temperatureSensor1
2025-04-07 02:49:00,67.4109068570313,run,False,temperatureSensor1
2025-04-07 02:50:00,68.34260961498387,run,False,temperatureSensor1
2025-04-07 02:51:00,74.81397064768362,run,False,temperatureSensor1
2025-04-07 02:52:00,72.50620865575192,run,False,temperatureSensor1
2025-04-07 02:53:00,64.8485575883745,run,False,temperatureSensor1
2025-04-07 02:54:00,66.83876732255061,run,False,temperatureSensor1
2025-04-07 02:55:00,78.74244053568052,run,False,temperatureSensor1
2025-04-07 02:56:00,68.44377526611032,run,False,temperatureSensor1
2025-04-07 02:57:00,77.84147201854061,run,False,temperatureSensor1
2025-04-07 02:58:00,69.65703759380139,run,False,temperatureSensor1
2025-04-07 02:59:00,69.558783245883,run,False,temperatureSensor1
2025-04-07 03:00:00,65.12530789389055,run,False,temperatureSensor1
2025-04-07 03:01:00,67.19982020383534,run,False,temperatureSensor1
2025-04-07 03:02:00,68.2013455195338,run,False,temperatureSensor1
2025-04-07 03:03:00,68.7798700346186,run,False,temperatureSensor1
2025-04-07 03:04:00,78.33450404143713,run,False,temperatureSensor1
2025-04-07 03:05:00,69.30004414002175,run,False,temperatureSensor1
2025-04-07 03:06:00,69.57965970628683,run,False,temperatureSensor1
2025-04-07 03:07:00,73.91286078725612,run,False,temperatureSensor1
2025-04-07 03:08:00,77.60464749410991,run,False,temperatureSensor1
2025-04-07 03:09:00,73.84810174150545,run,False,temperatureSensor1
2025-04-07 03:10:00,67.55076391311232,run,False,temperatureSensor1
2025-04-07 03:11:00,69.42364356490177,run,False,temperatureSensor1
2025-04-07 03:12:00,74.41496093413355,run,False,temperatureSensor1
2025-04-07 03:13:00,64.34605507159966,run,False,temperatureSensor1
2025-04-07 03:14:00,73.50044024781661,run,False,temperatureSensor1
2025-04-07 03:15:00,74.69273718354678,run,False,temperatureSensor1
2025-04-07 03:16:00,72.23662035492065,run,False,temperatureSensor1
2025-04-07 03:17:00,64.7083883635924,run,False,temperatureSensor1
2025-04-07 03:18:00,66.60064184723907,run,False,temperatureSensor1
2025-04-07 03:19:00,72.37917577365683,run,False,temperatureSensor1
2025-04-07 03:20:00,69.17385885026908,run,False,temperatureSensor1
2025-04-07 03:21:00,71.53298444714102,run,False,temperatureSensor1
2025-04-07 03:22:00,67.68842960946702,run,False,temperatureSensor1
2025-04-07 03:23:00,72.90113802870187,run,False,temperatureSensor1
2025-04-07 03:24:00,77.67295226367217,run,False,temperatureSensor1
2025-04-07 03:25:00,66.03351250189748,run,False,temperatureSensor1
2025-04-07 03:26:00,76.1839220912701,run,False,temperatureSensor1
2025-04-07 03:27:00,66.67423730299873,run,False,temperatureSensor1
2025-04-07 03:28:00,71.24829489867346,run,False,temperatureSensor1
2025-04-07 03:29:00,73.88613612425897,run,False,temperatureSensor1
2025-04-07 03:30:00,68.79082259674507,run,False,temperatureSensor1
2025-04-07 03:31:00,70.75724693598303,run,False,temperatureSensor1
2025-04-07 03:32:00,67.99670092545142,run,False,temperatureSensor1
2025-04-07 03:33:00,73.31775251238146,run,False,temperatureSensor1
2025-04-07 03:34:00,74.47841021004729,run,False,temperatureSensor1
2025-04-07 03:35:00,70.03275986717205,run,False,temperatureSensor1
2025-04-07 03:36:00,74.23726079249892,run,False,temperatureSensor1
2025-04-07 03:37:00,66.26178488460266,run,False,temperatureSensor1
2025-04-07 03:38:00,68.44165916257674,run,False,temperatureSensor1
2025-04-07 03:39:00,71.31700870360747,run,False,temperatureSensor1
2025-04-07 03:40:00,66.08657693510361,run,False,temperatureSensor1
2025-04-07 03:41:00,65.30003249838404,run,False,temperatureSensor1
2025-04-07 03:42:00,67.24531934071472,run,False,temperatureSensor1
2025-04-07 03:43:00,70.07996502226231,run,False,temperatureSensor1
2025-04-07 03:44:00,70.2825169135659,run,False,temperatureSensor1
2025-04-07 03:45:00,71.3930279539249,run,False,temperatureSensor1
2025-04-07 03:46:00,75.0026061531821,run,False,temperatureSensor1
2025-04-07 03:47:00,72.94066774286681,run,False,temperatureSensor1
2025-04-07 03:48:00,75.35302963948578,run,False,temperatureSensor1
2025-04-07 03:49:00,77.18265259414186,run,False,temperatureSensor1
2025-04-07 03:50:00,69.26033422146138,run,False,temperatureSensor1
2025-04-07 03:51:00,76.39399296179047,run,False,temperatureSensor1
2025-04-07 03:52:00,72.30079914467106,run,False,temperatureSensor1
2025-04-07 03:53:00,69.83016124433448,run,False,temperatureSensor1
2025-04-07 03:54:00,77.65972345796837,run,False,temperatureSensor1
2025-04-07 03:55:00,74.41682881559095,run,False,temperatureSensor1
2025-04-07 03:56:00,64.44330696371243,run,False,temperatureSensor1
2025-04-07 03:57:00,78.41989796157267,run,False,temperatureSensor1
2025-04-07 03:58:00,75.98092073655272,run,False,temperatureSensor1
2025-04-07 03:59:00,66.70484136390628,run,False,temperatureSensor1
2025-04-07 04:00:00,71.18085907981302,run,False,temperatureSensor1
2025-04-07 04:01:00,64.80513446951866,run,False,temperatureSensor1
2025-04-07 04:02:00,65.32685931209704,run,False,temperatureSensor1
2025-04-07 04:03:00,71.34654768341551,run,False,temperatureSensor1
2025-04-07 04:04:00,72.651461881387,run,False,temperatureSensor1
2025-04-07 04:05:00,77.3777945475765,run,False,temperatureSensor1
2025-04-07 04:06:00,78.97364119624673,run,False,temperatureSensor1
2025-04-07 04:07:00,66.84054810616706,run,False,temperatureSensor1
2025-04-07 04:08:00,77.60355593175106,run,False,temperatureSensor1
2025-04-07 04:09:00,77.89148168629572,run,False,temperatureSensor1
2025-04-07 04:10:00,79.29286200697689,run,False,temperatureSensor1
2025-04-07 04:11:00,71.33863386386446,run,False,temperatureSensor1
2025-04-07 04:12:00,65.91744099268449,run,False,temperatureSensor1
2025-04-07 04:13:00,70.89807443620353,run,False,temperatureSensor1
2025-04-07 04:14:00,74.4262629042872,run,False,temperatureSensor1
2025-04-07 04:15:00,69.48002921697105,run,False,temperatureSensor1
2025-04-07 04:16:00,78.16130429326907,run,False,temperatureSensor1
2025-04-07 04:17:00,71.35741137902257,run,False,temperatureSensor1
2025-04-07 04:18:00,78.46930627046893,run,False,temperatureSensor1
2025-04-07 04:19:00,66.56139039871763,run,False,temperatureSensor1
2025-04-07 04:20:00,71.76169167213905,run,False,temperatureSensor1
2025-04-07 04:21:00,69.51710046763066,run,False,temperatureSensor1
2025-04-07 04:22:00,66.10502376236575,run,False,temperatureSensor1
2025-04-07 04:23:00,78.529106549126,run,False,temperatureSensor1
2025-04-07 04:24:00,75.0002221788042,run,False,temperatureSensor1
2025-04-07 04:25:00,78.04858971257038,run,False,temperatureSensor1
2025-04-07 04:26:00,79.43838580186583,run,False,temperatureSensor1
2025-04-07 04:27:00,69.43449272334838,run,False,temperatureSensor1
2025-04-07 04:28:00,71.78273447219337,run,False,temperatureSensor1
2025-04-07 04:29:00,64.25506091104903,run,False,temperatureSensor1
2025-04-07 04:30:00,72.23351786318182,run,False,temperatureSensor1
2025-04-07 04:31:00,66.83731726597475,run,False,temperatureSensor1
2025-04-07 04:32:00,66.95272855266873,run,False,temperatureSensor1
2025-04-07 04:33:00,78.08292849060106,run,False,temperatureSensor1
2025-04-07 04:34:00,64.21439142400789,run,False,temperatureSensor1
2025-04-07 04:35:00,72.30416819805475,run,False,temperatureSensor1
2025-04-07 04:36:00,65.80905327154548,run,False,temperatureSensor1
2025-04-07 04:37:00,68.94948433072841,run,False,temperatureSensor1
2025-04-07 04:38:00,75.40539698015318,run,False,temperatureSensor1
2025-04-07 04:39:00,77.08045592427571,run,False,temperatureSensor1
2025-04-07 04:40:00,79.02833462701743,run,False,temperatureSensor1
2025-04-07 04:41:00,78.41321888315386,run,False,temperatureSensor1
2025-04-07 04:42:00,70.68893819321804,run,False,temperatureSensor1
2025-04-07 04:43:00,73.36180589780686,run,False,temperatureSensor1
2025-04-07 04:44:00,73.2537694935574,run,False,temperatureSensor1
2025-04-07 04:45:00,68.56931946626727,run,False,temperatureSensor1
2025-04-07 04:46:00,77.82090663619853,run,False,temperatureSensor1
2025-04-07 04:47:00,77.05753020228116,run,False,temperatureSensor1
2025-04-07 04:48:00,73.58475352666764,run,False,temperatureSensor1
2025-04-07 04:49:00,70.88480734294103,run,False,temperatureSensor1
2025-04-07 04:50:00,66.9544649079433,run,False,temperatureSensor1
2025-04-07 04:51:00,67.36408317556771,run,False,temperatureSensor1
2025-04-07 04:52:00,77.86877665509742,run,False,temperatureSensor1
2025-04-07 04:53:00,69.44714521292877,run,False,temperatureSensor1
2025-04-07 04:54:00,66.36612375762029,run,False,temperatureSensor1
2025-04-07 04:55:00,78.45483641744696,run,False,temperatureSensor1
2025-04-07 04:56:00,73.24826770387838,run,False,temperatureSensor1
2025-04-07 04:57:00,73.32227777960043,run,False,temperatureSensor1
2025-04-07 04:58:00,65.16402531794071,run,False,temperatureSensor1
2025-04-07 04:59:00,71.44955531498087,run,False,temperatureSensor1
2025-04-07 05:00:00,76.85409844030983,run,False,temperatureSensor1
2025-04-07 05:01:00,68.14049506159027,run,False,temperatureSensor1
2025-04-07 05:02:00,72.26504827869168,run,False,temperatureSensor1
2025-04-07 05:03:00,76.35693601315243,run,False,temperatureSensor1
2025-04-07 05:04:00,73.15505987269978,run,False,temperatureSensor1
2025-04-07 05:05:00,69.06677408082714,run,False,temperatureSensor1
2025-04-07 05:06:00,69.01139135636213,run,False,temperatureSensor1
2025-04-07 05:07:00,68.66042324767898,run,False,temperatureSensor1
2025-04-07 05:08:00,74.18873403746935,run,False,temperatureSensor1
2025-04-07 05:09:00,66.00234363940469,run,False,temperatureSensor1
2025-04-07 05:10:00,74.16279480343835,run,False,temperatureSensor1
2025-04-07 05:11:00,79.54075351651176,run,False,temperatureSensor1
2025-04-07 05:12:00,73.01472514770927,run,False,temperatureSensor1
2025-04-07 05:13:00,73.40699463683582,run,False,temperatureSensor1
2025-04-07 05:14:00,75.29843019271479,run,False,temperatureSensor1
2025-04-07 05:15:00,77.55164358766677,run,False,temperatureSensor1
2025-04-07 05:16:00,76.73483156180296,run,False,temperatureSensor1
2025-04-07 05:17:00,69.87624455700876,run,False,temperatureSensor1
2025-04-07 05:18:00,68.18140777317026,run,False,temperatureSensor1
2025-04-07 05:19:00,75.92216220060949,run,False,temperatureSensor1
2025-04-07 05:20:00,79.927437263389,run,False,temperatureSensor1
2025-04-07 05:21:00,67.89892674391658,run,False,temperatureSensor1
2025-04-07 05:22:00,69.91106181031775,run,False,temperatureSensor1
2025-04-07 05:23:00,66.41032088916194,run,False,temperatureSensor1
2025-04-07 05:24:00,68.19809463386734,run,False,temperatureSensor1
2025-04-07 05:25:00,64.67087018660224,run,False,temperatureSensor1
2025-04-07 05:26:00,69.03188656721471,run,False,temperatureSensor1
2025-04-07 05:27:00,64.08385339938275,run,False,temperatureSensor1
2025-04-07 05:28:00,65.59455924271373,run,False,temperatureSensor1
2025-04-07 05:29:00,64.5699120462612,run,False,temperatureSensor1
2025-04-07 05:30:00,78.40386697666092,run,False,temperatureSensor1
2025-04-07 05:31:00,67.49828370335501,run,False,temperatureSensor1
2025-04-07 05:32:00,66.4842612820316,run,False,temperatureSensor1
2025-04-07 05:33:00,67.56703142982303,run,False,temperatureSensor1
2025-04-07 05:34:00,66.41432448293432,run,False,temperatureSensor1
2025-04-07 05:35:00,65.48653177112237,run,False,temperatureSensor1
2025-04-07 05:36:00,64.20077374238593,run,False,temperatureSensor1
2025-04-07 05:37:00,67.5599243803932,run,False,temperatureSensor1
2025-04-07 05:38:00,67.1239350660262,run,False,temperatureSensor1
2025-04-07 05:39:00,65.52038550801801,run,False,temperatureSensor1
2025-04-07 05:40:00,76.15936019404475,run,False,temperatureSensor1
2025-04-07 05:41:00,69.59711694584892,run,False,temperatureSensor1
2025-04-07 05:42:00,66.77688878228165,run,False,temperatureSensor1
2025-04-07 05:43:00,74.6829310616815,run,False,temperatureSensor1
2025-04-07 05:44:00,75.024759177985,run,False,temperatureSensor1
2025-04-07 05:45:00,74.04287794901263,run,False,temperatureSensor1
2025-04-07 05:46:00,65.81453856189327,run,False,temperatureSensor1
2025-04-07 05:47:00,66.68518146751381,run,False,temperatureSensor1
2025-04-07 05:48:00,65.75478967384394,run,False,temperatureSensor1
2025-04-07 05:49:00,65.80643376514175,run,False,temperatureSensor1
2025-04-07 05:50:00,72.50967713854024,run,False,temperatureSensor1
2025-04-07 05:51:00,65.1460407854645,run,False,temperatureSensor1
2025-04-07 05:52:00,69.94099358356696,run,False,temperatureSensor1
2025-04-07 05:53:00,76.4294397975176,run,False,temperatureSensor1
2025-04-07 05:54:00,65.07567499065672,run,False,temperatureSensor1
2025-04-07 05:55:00,77.94596905518135,run,False,temperatureSensor1
2025-04-07 05:56:00,79.78122176827166,run,False,temperatureSensor1
2025-04-07 05:57:00,72.73894547888968,run,False,temperatureSensor1
2025-04-07 05:58:00,65.12525278747563,run,False,temperatureSensor1
2025-04-07 05:59:00,70.4908501066416,run,False,temperatureSensor1
2025-04-07 06:00:00,78.72581809900689,run,False,temperatureSensor1
2025-04-07 06:01:00,78.04229565861786,run,False,temperatureSensor1
2025-04-07 06:02:00,79.04629498384716,run,False,temperatureSensor1
2025-04-07 06:03:00,65.3990694899536,run,False,temperatureSensor1
2025-04-07 06:04:00,70.73175154863384,run,False,temperatureSensor1
2025-04-07 06:05:00,66.81805203448529,run,False,temperatureSensor1
2025-04-07 06:06:00,66.74830514425133,run,False,temperatureSensor1
2025-04-07 06:07:00,71.32640409472643,run,False,temperatureSensor1
2025-04-07 06:08:00,79.89265499071098,run,False,temperatureSensor1
2025-04-07 06:09:00,70.64222312540349,run,False,temperatureSensor1
2025-04-07 06:10:00,65.71842293532882,run,False,temperatureSensor1
2025-04-07 06:11:00,71.22314061189233,run,False,temperatureSensor1
2025-04-07 06:12:00,72.06565164835168,run,False,temperatureSensor1
2025-04-07 06:13:00,79.82948483291347,run,False,temperatureSensor1
2025-04-07 06:14:00,72.18080487848114,run,False,temperatureSensor1
2025-04-07 06:15:00,72.86754261616105,run,False,temperatureSensor1
2025-04-07 06:16:00,66.28349205711372,run,False,temperatureSensor1
2025-04-07 06:17:00,77.91479666886438,run,False,temperatureSensor1
2025-04-07 06:18:00,68.9053626545487,run,False,temperatureSensor1
2025-04-07 06:19:00,79.14907116127435,run,False,temperatureSensor1
2025-04-07 06:20:00,70.52900124840133,run,False,temperatureSensor1
2025-04-07 06:21:00,68.96089369553422,run,False,temperatureSensor1
2025-04-07 06:22:00,76.05923158028705,run,False,temperatureSensor1
2025-04-07 06:23:00,65.566388547733,run,False,temperatureSensor1
2025-04-07 06:24:00,75.12417423034354,run,False,temperatureSensor1
2025-04-07 06:25:00,67.58198516918114,run,False,temperatureSensor1
2025-04-07 06:26:00,71.0481113235899,run,False,temperatureSensor1
2025-04-07 06:27:00,66.74361003075933,run,False,temperatureSensor1
2025-04-07 06:28:00,70.50735032468467,run,False,temperatureSensor1
2025-04-07 06:29:00,64.09874196280244,run,False,temperatureSensor1
2025-04-07 06:30:00,79.24649905308583,run,False,temperatureSensor1
2025-04-07 06:31:00,69.95668022089963,run,False,temperatureSensor1
2025-04-07 06:32:00,79.2413875171237,run,False,temperatureSensor1
2025-04-07 06:33:00,69.80747170601327,run,False,temperatureSensor1
2025-04-07 06:34:00,77.99754596465732,run,False,temperatureSensor1
2025-04-07 06:35:00,75.00131650600159,run,False,temperatureSensor1
2025-04-07 06:36:00,79.28455112162962,run,False,temperatureSensor1
2025-04-07 06:37:00,67.05790030540709,run,False,temperatureSensor1
2025-04-07 06:38:00,71.06428500287004,run,False,temperatureSensor1
2025-04-07 06:39:00,70.02910203147052,run,False,temperatureSensor1
2025-04-07 06:40:00,65.55248603028359,run,False,temperatureSensor1
2025-04-07 06:41:00,78.6164526771665,run,False,temperatureSensor1
2025-04-07 06:42:00,64.4135644036715,run,False,temperatureSensor1
2025-04-07 06:43:00,64.32376510741096,run,False,temperatureSensor1
2025-04-07 06:44:00,77.24123514924355,run,False,temperatureSensor1
2025-04-07 06:45:00,78.5677747857752,run,False,temperatureSensor1
2025-04-07 06:46:00,72.88515198321504,run,False,temperatureSensor1
2025-04-07 06:47:00,72.81120124294637,run,False,temperatureSensor1
2025-04-07 06:48:00,76.95972370754112,run,False,temperatureSensor1
2025-04-07 06:49:00,73.86838594913115,run,False,temperatureSensor1
2025-04-07 06:50:00,69.32620504931984,run,False,temperatureSensor1
2025-04-07 06:51:00,70.97668156010951,run,False,temperatureSensor1
2025-04-07 06:52:00,71.18105780571484,run,False,temperatureSensor1
2025-04-07 06:53:00,72.50582605503719,run,False,temperatureSensor1
2025-04-07 06:54:00,64.76012164754927,run,False,temperatureSensor1
2025-04-07 06:55:00,67.0083854268801,run,False,temperatureSensor1
2025-04-07 06:56:00,79.58672799815615,run,False,temperatureSensor1
2025-04-07 06:57:00,74.07844332790398,run,False,temperatureSensor1
2025-04-07 06:58:00,75.91610937720613,run,False,temperatureSensor1
2025-04-07 06:59:00,66.31531267167682,run,False,temperatureSensor1
2025-04-07 07:00:00,65.0912762531899,run,False,temperatureSensor1
2025-04-07 07:01:00,78.26899853956103,run,False,temperatureSensor1
2025-04-07 07:02:00,74.6393763081197,run,False,temperatureSensor1
2025-04-07 07:03:00,71.88471700550268,run,False,temperatureSensor1
2025-04-07 07:04:00,64.72626787077951,run,False,temperatureSensor1
2025-04-07 07:05:00,78.5690242055168,run,False,temperatureSensor1
2025-04-07 07:06:00,77.06401017931117,run,False,temperatureSensor1
2025-04-07 07:07:00,79.05461226344221,run,False,temperatureSensor1
2025-04-07 07:08:00,77.08354915455007,run,False,temperatureSensor1
2025-04-07 07:09:00,68.14292325382291,run,False,temperatureSensor1
2025-04-07 07:10:00,76.01181551705255,run,False,temperatureSensor1
2025-04-07 07:11:00,75.40801137299246,run,False,temperatureSensor1
2025-04-07 07:12:00,73.1625298945698,run,False,temperatureSensor1
2025-04-07 07:13:00,78.68290698738116,run,False,temperatureSensor1
2025-04-07 07:14:00,72.25685381669959,run,False,temperatureSensor1
2025-04-07 07:15:00,76.53362595505483,run,False,temperatureSensor1
2025-04-07 07:16:00,67.01638479042697,run,False,temperatureSensor1
2025-04-07 07:17:00,70.20050058496932,run,False,temperatureSensor1
2025-04-07 07:18:00,77.59006226593135,run,False,temperatureSensor1
2025-04-07 07:19:00,73.73688345554123,run,False,temperatureSensor1
2025-04-07 07:20:00,73.58228232734734,run,False,temperatureSensor1
2025-04-07 07:21:00,72.25910666948445,run,False,temperatureSensor1
2025-04-07 07:22:00,77.34169565404133,run,False,temperatureSensor1
2025-04-07 07:23:00,77.0473208561431,run,False,temperatureSensor1
2025-04-07 07:24:00,66.30889678666841,run,False,temperatureSensor1
2025-04-07 07:25:00,68.39168109610728,run,False,temperatureSensor1
2025-04-07 07:26:00,64.7306213788989,run,False,temperatureSensor1
2025-04-07 07:27:00,79.5296507458983,run,False,temperatureSensor1
2025-04-07 07:28:00,71.1906709814682,run,False,temperatureSensor1
2025-04-07 07:29:00,78.27570258749302,run,False,temperatureSensor1
2025-04-07 07:30:00,73.57586234221611,run,False,temperatureSensor1
2025-04-07 07:31:00,70.61218083366145,run,False,temperatureSensor1
2025-04-07 07:32:00,79.98895351568578,run,False,temperatureSensor1
2025-04-07 07:33:00,72.45781842794784,run,False,temperatureSensor1
2025-04-07 07:34:00,79.2139207470484,run,False,temperatureSensor1
2025-04-07 07:35:00,66.1066887543478,run,False,temperatureSensor1
2025-04-07 07:36:00,71.5064232927936,run,False,temperatureSensor1
2025-04-07 07:37:00,75.30801692600741,run,False,temperatureSensor1
2025-04-07 07:38:00,75.37427166761353,run,False,temperatureSensor1
2025-04-07 07:39:00,69.55018067680587,run,False,temperatureSensor1
2025-04-07 07:40:00,70.65659958656498,run,False,temperatureSensor1
2025-04-07 07:41:00,74.61873620043534,run,False,temperatureSensor1
2025-04-07 07:42:00,65.68596411206654,run,False,temperatureSensor1
2025-04-07 07:43:00,78.92532354520858,run,False,temperatureSensor1
2025-04-07 07:44:00,75.02346726726152,run,False,temperatureSensor1
2025-04-07 07:45:00,68.10162549509423,run,False,temperatureSensor1
2025-04-07 07:46:00,78.53397109900538,run,False,temperatureSensor1
2025-04-07 07:47:00,66.77098040049006,run,False,temperatureSensor1
2025-04-07 07:48:00,78.20277006422876,run,False,temperatureSensor1
2025-04-07 07:49:00,70.99220403326879,run,False,temperatureSensor1
2025-04-07 07:50:00,73.09060976485273,run,False,temperatureSensor1
2025-04-07 07:51:00,73.46493763762145,run,False,temperatureSensor1
2025-04-07 07:52:00,79.26095651545214,run,False,temperatureSensor1
2025-04-07 07:53:00,64.08035767857746,run,False,temperatureSensor1
2025-04-07 07:54:00,79.58597699836393,run,False,temperatureSensor1
2025-04-07 07:55:00,76.43803864991798,run,False,temperatureSensor1
2025-04-07 07:56:00,64.51950274354822,run,False,temperatureSensor1
2025-04-07 07:57:00,68.91427155325808,run,False,temperatureSensor1
2025-04-07 07:58:00,71.67524631862459,run,False,temperatureSensor1
2025-04-07 07:59:00,73.94782611842115,run,False,temperatureSensor1
2025-04-07 08:00:00,20.0,off,False,temperatureSensor1
2025-04-07 08:01:00,20.0,off,False,temperatureSensor1
2025-04-07 08:02:00,20.0,off,False,temperatureSensor1
2025-04-07 08:03:00,20.0,off,False,temperatureSensor1
2025-04-07 08:04:00,20.0,off,False,temperatureSensor1
2025-04-07 08:05:00,20.0,off,False,temperatureSensor1
2025-04-07 08:06:00,20.0,off,False,temperatureSensor1
2025-04-07 08:07:00,20.0,off,False,temperatureSensor1
2025-04-07 08:08:00,20.0,off,False,temperatureSensor1
2025-04-07 08:09:00,20.0,off,False,temperatureSensor1
2025-04-07 08:10:00,20.0,off,False,temperatureSensor1
2025-04-07 08:11:00,20.0,off,False,temperatureSensor1
2025-04-07 08:12:00,20.0,off,False,temperatureSensor1
2025-04-07 08:13:00,20.0,off,False,temperatureSensor1
2025-04-07 08:14:00,20.0,off,False,temperatureSensor1
2025-04-07 08:15:00,20.0,off,False,temperatureSensor1
2025-04-07 08:16:00,20.0,off,False,temperatureSensor1
2025-04-07 08:17:00,20.0,off,False,temperatureSensor1
2025-04-07 08:18:00,20.0,off,False,temperatureSensor1
2025-04-07 08:19:00,20.0,off,False,temperatureSensor1
2025-04-07 08:20:00,20.0,off,False,temperatureSensor1
2025-04-07 08:21:00,20.0,off,False,temperatureSensor1
2025-04-07 08:22:00,20.0,off,False,temperatureSensor1
2025-04-07 08:23:00,20.0,off,False,temperatureSensor1
2025-04-07 08:24:00,20.0,off,False,temperatureSensor1
2025-04-07 08:25:00,20.0,off,False,temperatureSensor1
2025-04-07 08:26:00,20.0,off,False,temperatureSensor1
2025-04-07 08:27:00,20.0,off,False,temperatureSensor1
2025-04-07 08:28:00,20.0,off,False,temperatureSensor1
2025-04-07 08:29:00,20.0,off,False,temperatureSensor1
2025-04-07 08:30:00,20.0,off,False,temperatureSensor1
2025-04-07 08:31:00,20.0,off,False,temperatureSensor1
2025-04-07 08:32:00,20.0,off,False,temperatureSensor1
2025-04-07 08:33:00,20.0,off,False,temperatureSensor1
2025-04-07 08:34:00,20.0,off,False,temperatureSensor1
2025-04-07 08:35:00,20.0,off,False,temperatureSensor1
2025-04-07 08:36:00,20.0,off,False,temperatureSensor1
2025-04-07 08:37:00,20.0,off,False,temperatureSensor1
2025-04-07 08:38:00,20.0,off,False,temperatureSensor1
2025-04-07 08:39:00,20.0,off,False,temperatureSensor1
2025-04-07 08:40:00,20.0,off,False,temperatureSensor1
2025-04-07 08:41:00,20.0,off,False,temperatureSensor1
2025-04-07 08:42:00,20.0,off,False,temperatureSensor1
2025-04-07 08:43:00,20.0,off,False,temperatureSensor1
2025-04-07 08:44:00,20.0,off,False,temperatureSensor1
2025-04-07 08:45:00,20.0,off,False,temperatureSensor1
2025-04-07 08:46:00,20.0,off,False,temperatureSensor1
2025-04-07 08:47:00,20.0,off,False,temperatureSensor1
2025-04-07 08:48:00,20.0,off,False,temperatureSensor1
2025-04-07 08:49:00,20.0,off,False,temperatureSensor1
2025-04-07 08:50:00,20.0,off,False,temperatureSensor1
2025-04-07 08:51:00,20.0,off,False,temperatureSensor1
2025-04-07 08:52:00,20.0,off,False,temperatureSensor1
2025-04-07 08:53:00,20.0,off,False,temperatureSensor1
2025-04-07 08:54:00,20.0,off,False,temperatureSensor1
2025-04-07 08:55:00,20.0,off,False,temperatureSensor1
2025-04-07 08:56:00,20.0,off,False,temperatureSensor1
2025-04-07 08:57:00,20.0,off,False,temperatureSensor1
2025-04-07 08:58:00,20.0,off,False,temperatureSensor1
2025-04-07 08:59:00,20.0,off,False,temperatureSensor1
2025-04-07 09:00:00,20.0,idle,False,temperatureSensor1
2025-04-07 09:01:00,20.0,idle,False,temperatureSensor1
2025-04-07 09:02:00,20.0,idle,False,temperatureSensor1
2025-04-07 09:03:00,20.0,idle,False,temperatureSensor1
2025-04-07 09:04:00,20.0,idle,False,temperatureSensor1
2025-04-07 09:05:00,20.0,idle,False,temperatureSensor1
2025-04-07 09:06:00,20.0,idle,False,temperatureSensor1
2025-04-07 09:07:00,20.0,idle,False,temperatureSensor1
2025-04-07 09:08:00,20.0,idle,False,temperatureSensor1
2025-04-07 09:09:00,20.0,idle,False,temperatureSensor1
2025-04-07 09:10:00,20.0,idle,False,temperatureSensor1
2025-04-07 09:11:00,20.0,idle,False,temperatureSensor1
2025-04-07 09:12:00,20.0,idle,False,temperatureSensor1
2025-04-07 09:13:00,20.0,idle,False,temperatureSensor1
2025-04-07 09:14:00,20.0,idle,False,temperatureSensor1
2025-04-07 09:15:00,20.0,idle,False,temperatureSensor1
2025-04-07 09:16:00,20.0,idle,False,temperatureSensor1
2025-04-07 09:17:00,20.0,idle,False,temperatureSensor1
2025-04-07 09:18:00,20.0,idle,False,temperatureSensor1
2025-04-07 09:19:00,20.0,idle,False,temperatureSensor1
2025-04-07 09:20:00,20.0,idle,False,temperatureSensor1
2025-04-07 09:21:00,20.0,idle,False,temperatureSensor1
2025-04-07 09:22:00,20.0,idle,False,temperatureSensor1
2025-04-07 09:23:00,20.0,idle,False,temperatureSensor1
2025-04-07 09:24:00,20.0,idle,False,temperatureSensor1
2025-04-07 09:25:00,20.0,idle,False,temperatureSensor1
2025-04-07 09:26:00,20.0,idle,False,temperatureSensor1
2025-04-07 09:27:00,20.0,idle,False,temperatureSensor1
2025-04-07 09:28:00,20.0,idle,False,temperatureSensor1
2025-04-07 09:29:00,20.0,idle,False,temperatureSensor1
2025-04-07 09:30:00,68.74698205352259,run,False,temperatureSensor1
2025-04-07 09:31:00,66.9181895539642,run,False,temperatureSensor1
2025-04-07 09:32:00,77.25274363503706,run,False,temperatureSensor1
2025-04-07 09:33:00,64.00593463499212,run,False,temperatureSensor1
2025-04-07 09:34:00,74.020446598441,run,False,temperatureSensor1
2025-04-07 09:35:00,76.64965000022895,run,False,temperatureSensor1
2025-04-07 09:36:00,66.77601975349475,run,False,temperatureSensor1
2025-04-07 09:37:00,70.29265729562297,run,False,temperatureSensor1
2025-04-07 09:38:00,76.85524426853229,run,False,temperatureSensor1
2025-04-07 09:39:00,75.17921627857959,run,False,temperatureSensor1
2025-04-07 09:40:00,68.10115276815141,run,False,temperatureSensor1
2025-04-07 09:41:00,67.6407131317828,run,False,temperatureSensor1
2025-04-07 09:42:00,64.82704926471632,run,False,temperatureSensor1
2025-04-07 09:43:00,75.31139945192704,run,False,temperatureSensor1
2025-04-07 09:44:00,79.37114466484921,run,False,temperatureSensor1
2025-04-07 09:45:00,20.0,idle,False,temperatureSensor1
2025-04-07 09:46:00,20.0,idle,False,temperatureSensor1
2025-04-07 09:47:00,20.0,idle,False,temperatureSensor1
2025-04-07 09:48:00,20.0,idle,False,temperatureSensor1
2025-04-07 09:49:00,20.0,idle,False,temperatureSensor1
2025-04-07 09:50:00,20.0,idle,False,temperatureSensor1
2025-04-07 09:51:00,20.0,idle,False,temperatureSensor1
2025-04-07 09:52:00,20.0,idle,False,temperatureSensor1
2025-04-07 09:53:00,20.0,idle,False,temperatureSensor1
2025-04-07 09:54:00,20.0,idle,False,temperatureSensor1
2025-04-07 09:55:00,20.0,idle,False,temperatureSensor1
2025-04-07 09:56:00,20.0,idle,False,temperatureSensor1
2025-04-07 09:57:00,20.0,idle,False,temperatureSensor1
2025-04-07 09:58:00,20.0,idle,False,temperatureSensor1
2025-04-07 09:59:00,20.0,idle,False,temperatureSensor1
2025-04-07 10:00:00,70.22264326882284,run,False,temperatureSensor1
2025-04-07 10:01:00,64.91591078463085,run,False,temperatureSensor1
2025-04-07 10:02:00,64.23069422689008,run,False,temperatureSensor1
2025-04-07 10:03:00,69.89321892059287,run,False,temperatureSensor1
2025-04-07 10:04:00,72.1629904108598,run,False,temperatureSensor1
2025-04-07 10:05:00,69.64145402580377,run,False,temperatureSensor1
2025-04-07 10:06:00,76.67573573076788,run,False,temperatureSensor1
2025-04-07 10:07:00,65.01083628991682,run,False,temperatureSensor1
2025-04-07 10:08:00,66.74974747671052,run,False,temperatureSensor1
2025-04-07 10:09:00,78.72826370646101,run,False,temperatureSensor1
2025-04-07 10:10:00,69.96071680114724,run,False,temperatureSensor1
2025-04-07 10:11:00,69.95215009234157,run,False,temperatureSensor1
2025-04-07 10:12:00,71.20009380048384,run,False,temperatureSensor1
2025-04-07 10:13:00,76.29891847614813,run,False,temperatureSensor1
2025-04-07 10:14:00,66.3080870667653,run,False,temperatureSensor1
2025-04-07 10:15:00,79.34273072361785,run,False,temperatureSensor1
2025-04-07 10:16:00,66.04762622809072,run,False,temperatureSensor1
2025-04-07 10:17:00,78.27372804281443,run,False,temperatureSensor1
2025-04-07 10:18:00,64.12919626080841,run,False,temperatureSensor1
2025-04-07 10:19:00,73.4101563979848,run,False,temperatureSensor1
2025-04-07 10:20:00,67.26021989539873,run,False,temperatureSensor1
2025-04-07 10:21:00,75.84431972970364,run,False,temperatureSensor1
2025-04-07 10:22:00,66.41129815255651,run,False,temperatureSensor1
2025-04-07 10:23:00,70.20951837083062,run,False,temperatureSensor1
2025-04-07 10:24:00,76.16364890777965,run,False,temperatureSensor1
2025-04-07 10:25:00,64.54535381865148,run,False,temperatureSensor1
2025-04-07 10:26:00,68.24012537861445,run,False,temperatureSensor1
2025-04-07 10:27:00,76.72619952171686,run,False,temperatureSensor1
2025-04-07 10:28:00,68.78533172277736,run,False,temperatureSensor1
2025-04-07 10:29:00,64.33977854632451,run,False,temperatureSensor1
2025-04-07 10:30:00,78.75356648201586,run,False,temperatureSensor1
2025-04-07 10:31:00,70.73311384094781,run,False,temperatureSensor1
2025-04-07 10:32:00,72.09645740857961,run,False,temperatureSensor1
2025-04-07 10:33:00,74.20834727321065,run,False,temperatureSensor1
2025-04-07 10:34:00,78.43764185573389,run,False,temperatureSensor1
2025-04-07 10:35:00,77.01730870354835,run,False,temperatureSensor1
2025-04-07 10:36:00,71.04377922201606,run,False,temperatureSensor1
2025-04-07 10:37:00,75.16308674662366,run,False,temperatureSensor1
2025-04-07 10:38:00,71.37495449770712,run,False,temperatureSensor1
2025-04-07 10:39:00,78.07347302820813,run,False,temperatureSensor1
2025-04-07 10:40:00,71.09835062369127,run,False,temperatureSensor1
2025-04-07 10:41:00,64.06226473085246,run,False,temperatureSensor1
2025-04-07 10:42:00,71.31259257206297,run,False,temperatureSensor1
2025-04-07 10:43:00,76.84731081892369,run,False,temperatureSensor1
2025-04-07 10:44:00,65.98370064573142,run,False,temperatureSensor1
2025-04-07 10:45:00,71.1065416850368,run,False,temperatureSensor1
2025-04-07 10:46:00,78.80782562712926,run,False,temperatureSensor1
2025-04-07 10:47:00,66.48239875108095,run,False,temperatureSensor1
2025-04-07 10:48:00,78.73137619170726,run,False,temperatureSensor1
2025-04-07 10:49:00,72.57766874592023,run,False,temperatureSensor1
2025-04-07 10:50:00,72.43730180292773,run,False,temperatureSensor1
2025-04-07 10:51:00,68.08044251461197,run,False,temperatureSensor1
2025-04-07 10:52:00,74.29621148717868,run,False,temperatureSensor1
2025-04-07 10:53:00,71.27357264829871,run,False,temperatureSensor1
2025-04-07 10:54:00,69.33549792190627,run,False,temperatureSensor1
2025-04-07 10:55:00,66.42352661718238,run,False,temperatureSensor1
2025-04-07 10:56:00,67.65836979240675,run,False,temperatureSensor1
2025-04-07 10:57:00,67.9025303781133,run,False,temperatureSensor1
2025-04-07 10:58:00,75.35439791527037,run,False,temperatureSensor1
2025-04-07 10:59:00,68.8120918743426,run,False,temperatureSensor1
2025-04-07 11:00:00,76.93908104444479,run,False,temperatureSensor1
2025-04-07 11:01:00,72.18869276119547,run,False,temperatureSensor1
2025-04-07 11:02:00,66.94359314256333,run,False,temperatureSensor1
2025-04-07 11:03:00,74.44430781515516,run,False,temperatureSensor1
2025-04-07 11:04:00,79.31436568235648,run,False,temperatureSensor1
2025-04-07 11:05:00,67.45377512113063,run,False,temperatureSensor1
2025-04-07 11:06:00,64.05561507492877,run,False,temperatureSensor1
2025-04-07 11:07:00,67.40374580569076,run,False,temperatureSensor1
2025-04-07 11:08:00,77.4775448981967,run,False,temperatureSensor1
2025-04-07 11:09:00,78.87682386300159,run,False,temperatureSensor1
2025-04-07 11:10:00,77.19507680359226,run,False,temperatureSensor1
2025-04-07 11:11:00,77.64903696971403,run,False,temperatureSensor1
2025-04-07 11:12:00,69.67056860812222,run,False,temperatureSensor1
2025-04-07 11:13:00,71.79164376969459,run,False,temperatureSensor1
2025-04-07 11:14:00,64.80899709440885,run,False,temperatureSensor1
2025-04-07 11:15:00,65.65678244605857,run,False,temperatureSensor1
2025-04-07 11:16:00,64.47467250170452,run,False,temperatureSensor1
2025-04-07 11:17:00,76.57349545634193,run,False,temperatureSensor1
2025-04-07 11:18:00,78.00559044647031,run,False,temperatureSensor1
2025-04-07 11:19:00,65.09119099954091,run,False,temperatureSensor1
2025-04-07 11:20:00,65.10743045768254,run,False,temperatureSensor1
2025-04-07 11:21:00,67.54415324856726,run,False,temperatureSensor1
2025-04-07 11:22:00,70.20241678581202,run,False,temperatureSensor1
2025-04-07 11:23:00,77.63826089768742,run,False,temperatureSensor1
2025-04-07 11:24:00,67.9586611218131,run,False,temperatureSensor1
2025-04-07 11:25:00,69.08849565103415,run,False,temperatureSensor1
2025-04-07 11:26:00,71.7227326478647,run,False,temperatureSensor1
2025-04-07 11:27:00,73.78112626364477,run,False,temperatureSensor1
2025-04-07 11:28:00,73.9235633128384,run,False,temperatureSensor1
2025-04-07 11:29:00,73.50147866541639,run,False,temperatureSensor1
2025-04-07 11:30:00,77.58029948478546,run,False,temperatureSensor1
2025-04-07 11:31:00,67.41318374906355,run,False,temperatureSensor1
2025-04-07 11:32:00,74.00081617499285,run,False,temperatureSensor1
2025-04-07 11:33:00,79.76549123338957,run,False,temperatureSensor1
2025-04-07 11:34:00,76.31314436318074,run,False,temperatureSensor1
2025-04-07 11:35:00,65.97547513385663,run,False,temperatureSensor1
2025-04-07 11:36:00,68.30159761528596,run,False,temperatureSensor1
2025-04-07 11:37:00,64.08880315062137,run,False,temperatureSensor1
2025-04-07 11:38:00,66.46314963372032,run,False,temperatureSensor1
2025-04-07 11:39:00,73.55558267998329,run,False,temperatureSensor1
2025-04-07 11:40:00,76.04264286737137,run,False,temperatureSensor1
2025-04-07 11:41:00,69.12896188807065,run,False,temperatureSensor1
2025-04-07 11:42:00,70.22732408140229,run,False,temperatureSensor1
2025-04-07 11:43:00,71.44279201251987,run,False,temperatureSensor1
2025-04-07 11:44:00,75.14261584795153,run,False,temperatureSensor1
2025-04-07 11:45:00,75.78206337198044,run,False,temperatureSensor1
2025-04-07 11:46:00,75.5879928599466,run,False,temperatureSensor1
2025-04-07 11:47:00,68.10537692571324,run,False,temperatureSensor1
2025-04-07 11:48:00,78.26462608989766,run,False,temperatureSensor1
2025-04-07 11:49:00,79.86500558673032,run,False,temperatureSensor1
2025-04-07 11:50:00,75.74840758952061,run,False,temperatureSensor1
2025-04-07 11:51:00,69.27388450116362,run,False,temperatureSensor1
2025-04-07 11:52:00,65.91819613322825,run,False,temperatureSensor1
2025-04-07 11:53:00,65.3885363917744,run,False,temperatureSensor1
2025-04-07 11:54:00,79.56697179644253,run,False,temperatureSensor1
2025-04-07 11:55:00,76.35598343866441,run,False,temperatureSensor1
2025-04-07 11:56:00,66.83751084674248,run,False,temperatureSensor1
2025-04-07 11:57:00,69.92010418780134,run,False,temperatureSensor1
2025-04-07 11:58:00,74.68833831808035,run,False,temperatureSensor1
2025-04-07 11:59:00,69.83511423080105,run,False,temperatureSensor1
2025-04-07 12:00:00,72.58849738807552,run,False,temperatureSensor1
2025-04-07 12:01:00,68.86018997653531,run,False,temperatureSensor1
2025-04-07 12:02:00,64.1423093503787,run,False,temperatureSensor1
2025-04-07 12:03:00,74.33068790756985,run,False,temperatureSensor1
2025-04-07 12:04:00,67.09827505010307,run,False,temperatureSensor1
2025-04-07 12:05:00,71.56854520794714,run,False,temperatureSensor1
2025-04-07 12:06:00,70.81539913030349,run,False,temperatureSensor1
2025-04-07 12:07:00,69.38562662790434,run,False,temperatureSensor1
2025-04-07 12:08:00,67.47101400559416,run,False,temperatureSensor1
2025-04-07 12:09:00,74.45185611722343,run,False,temperatureSensor1
2025-04-07 12:10:00,72.40250486861663,run,False,temperatureSensor1
2025-04-07 12:11:00,70.7246024038485,run,False,temperatureSensor1
2025-04-07 12:12:00,70.96126653162943,run,False,temperatureSensor1
2025-04-07 12:13:00,67.59052300980042,run,False,temperatureSensor1
2025-04-07 12:14:00,68.52432146321084,run,False,temperatureSensor1
2025-04-07 12:15:00,71.0152714321625,run,False,temperatureSensor1
2025-04-07 12:16:00,77.11584293572935,run,False,temperatureSensor1
2025-04-07 12:17:00,79.11845090025233,run,False,temperatureSensor1
2025-04-07 12:18:00,64.57409918515674,run,False,temperatureSensor1
2025-04-07 12:19:00,71.52420770810235,run,False,temperatureSensor1
2025-04-07 12:20:00,70.47178471538126,run,False,temperatureSensor1
2025-04-07 12:21:00,69.96458529463797,run,False,temperatureSensor1
2025-04-07 12:22:00,65.02789142108361,run,False,temperatureSensor1
2025-04-07 12:23:00,73.9219182538775,run,False,temperatureSensor1
2025-04-07 12:24:00,71.23745800768705,run,False,temperatureSensor1
2025-04-07 12:25:00,71.84722760081135,run,False,temperatureSensor1
2025-04-07 12:26:00,75.48564745969449,run,False,temperatureSensor1
2025-04-07 12:27:00,78.19218677124643,run,False,temperatureSensor1
2025-04-07 12:28:00,71.21487166499406,run,False,temperatureSensor1
2025-04-07 12:29:00,68.24189006544907,run,False,temperatureSensor1
2025-04-07 12:30:00,64.42503251301284,run,False,temperatureSensor1
2025-04-07 12:31:00,75.57168355690948,run,False,temperatureSensor1
2025-04-07 12:32:00,79.90262341182353,run,False,temperatureSensor1
2025-04-07 12:33:00,64.22958113637068,run,False,temperatureSensor1
2025-04-07 12:34:00,65.73023534699786,run,False,temperatureSensor1
2025-04-07 12:35:00,78.59991340085111,run,False,temperatureSensor1
2025-04-07 12:36:00,76.14498418138947,run,False,temperatureSensor1
2025-04-07 12:37:00,64.51242846864137,run,False,temperatureSensor1
2025-04-07 12:38:00,66.02718681893805,run,False,temperatureSensor1
2025-04-07 12:39:00,67.11752120299963,run,False,temperatureSensor1
2025-04-07 12:40:00,71.85149110659462,run,False,temperatureSensor1
2025-04-07 12:41:00,67.39529919849826,run,False,temperatureSensor1
2025-04-07 12:42:00,78.58144483335718,run,False,temperatureSensor1
2025-04-07 12:43:00,66.20440499013102,run,False,temperatureSensor1
2025-04-07 12:44:00,79.31794160746321,run,False,temperatureSensor1
2025-04-07 12:45:00,77.5623981433373,run,False,temperatureSensor1
2025-04-07 12:46:00,72.1188023542223,run,False,temperatureSensor1
2025-04-07 12:47:00,75.37620825496468,run,False,temperatureSensor1
2025-04-07 12:48:00,79.54614866809057,run,False,temperatureSensor1
2025-04-07 12:49:00,78.09927936164539,run,False,temperatureSensor1
2025-04-07 12:50:00,65.70119898950352,run,False,temperatureSensor1
2025-04-07 12:51:00,78.63192786613398,run,False,temperatureSensor1
2025-04-07 12:52:00,79.68478177450925,run,False,temperatureSensor1
2025-04-07 12:53:00,76.26333412551544,run,False,temperatureSensor1
2025-04-07 12:54:00,74.5701439590311,run,False,temperatureSensor1
2025-04-07 12:55:00,67.33155377989048,run,False,temperatureSensor1
2025-04-07 12:56:00,73.83834870409402,run,False,temperatureSensor1
2025-04-07 12:57:00,70.85164950327211,run,False,temperatureSensor1
2025-04-07 12:58:00,78.03491151469555,run,False,temperatureSensor1
2025-04-07 12:59:00,77.878450644466,run,False,temperatureSensor1
2025-04-07 13:00:00,96.43285077824387,run,True,temperatureSensor1
2025-04-07 13:01:00,97.16278353870213,run,True,temperatureSensor1
2025-04-07 13:02:00,96.76896100781119,run,True,temperatureSensor1
2025-04-07 13:03:00,97.49082295317817,run,True,temperatureSensor1
2025-04-07 13:04:00,98.04311326639116,run,True,temperatureSensor1
2025-04-07 13:05:00,74.32710415887223,run,False,temperatureSensor1
2025-04-07 13:06:00,75.37672024857389,run,False,temperatureSensor1
2025-04-07 13:07:00,79.30140739980257,run,False,temperatureSensor1
2025-04-07 13:08:00,66.02641973148762,run,False,temperatureSensor1
2025-04-07 13:09:00,74.82478963883484,run,False,temperatureSensor1
2025-04-07 13:10:00,65.92039973625481,run,False,temperatureSensor1
2025-04-07 13:11:00,70.44938466786559,run,False,temperatureSensor1
2025-04-07 13:12:00,74.24003543870302,run,False,temperatureSensor1
2025-04-07 13:13:00,73.23406779672511,run,False,temperatureSensor1
2025-04-07 13:14:00,66.66109657914208,run,False,temperatureSensor1
2025-04-07 13:15:00,77.84552250074759,run,False,temperatureSensor1
2025-04-07 13:16:00,69.37002624388603,run,False,temperatureSensor1
2025-04-07 13:17:00,78.23196601147606,run,False,temperatureSensor1
2025-04-07 13:18:00,65.32580411278315,run,False,temperatureSensor1
2025-04-07 13:19:00,74.67085437744065,run,False,temperatureSensor1
2025-04-07 13:20:00,76.51760288728471,run,False,temperatureSensor1
2025-04-07 13:21:00,67.41315489909834,run,False,temperatureSensor1
2025-04-07 13:22:00,72.05298299010133,run,False,temperatureSensor1
2025-04-07 13:23:00,75.38913749612212,run,False,temperatureSensor1
2025-04-07 13:24:00,65.02867004176484,run,False,temperatureSensor1
2025-04-07 13:25:00,77.78916748365339,run,False,temperatureSensor1
2025-04-07 13:26:00,75.05415891744279,run,False,temperatureSensor1
2025-04-07 13:27:00,64.66250516531227,run,False,temperatureSensor1
2025-04-07 13:28:00,76.22400025986465,run,False,temperatureSensor1
2025-04-07 13:29:00,74.46982229456982,run,False,temperatureSensor1
2025-04-07 13:30:00,69.87671447009603,run,False,temperatureSensor1
2025-04-07 13:31:00,65.256591171768,run,False,temperatureSensor1
2025-04-07 13:32:00,76.18907204827005,run,False,temperatureSensor1
2025-04-07 13:33:00,68.88694299853512,run,False,temperatureSensor1
2025-04-07 13:34:00,78.39645321718676,run,False,temperatureSensor1
2025-04-07 13:35:00,68.36807358442792,run,False,temperatureSensor1
2025-04-07 13:36:00,65.059034763189,run,False,temperatureSensor1
2025-04-07 13:37:00,79.50180597150177,run,False,temperatureSensor1
2025-04-07 13:38:00,65.83871852506448,run,False,temperatureSensor1
2025-04-07 13:39:00,68.55018648931497,run,False,temperatureSensor1
2025-04-07 13:40:00,70.16951294676961,run,False,temperatureSensor1
2025-04-07 13:41:00,72.52016630305529,run,False,temperatureSensor1
2025-04-07 13:42:00,69.5157041020684,run,False,temperatureSensor1
2025-04-07 13:43:00,76.41065548322568,run,False,temperatureSensor1
2025-04-07 13:44:00,65.64208465226307,run,False,temperatureSensor1
2025-04-07 13:45:00,73.74348019674618,run,False,temperatureSensor1
2025-04-07 13:46:00,66.59445811745209,run,False,temperatureSensor1
2025-04-07 13:47:00,79.59157827516589,run,False,temperatureSensor1
2025-04-07 13:48:00,77.16722700850234,run,False,temperatureSensor1
2025-04-07 13:49:00,73.71326068374445,run,False,temperatureSensor1
2025-04-07 13:50:00,69.92007677026888,run,False,temperatureSensor1
2025-04-07 13:51:00,68.58567541063083,run,False,temperatureSensor1
2025-04-07 13:52:00,77.93948952800312,run,False,temperatureSensor1
2025-04-07 13:53:00,79.90163658313132,run,False,temperatureSensor1
2025-04-07 13:54:00,79.9001790671405,run,False,temperatureSensor1
2025-04-07 13:55:00,65.07622070938756,run,False,temperatureSensor1
2025-04-07 13:56:00,78.65095776859525,run,False,temperatureSensor1
2025-04-07 13:57:00,79.7273601249612,run,False,temperatureSensor1
2025-04-07 13:58:00,75.79172110663856,run,False,temperatureSensor1
2025-04-07 13:59:00,71.5436770653985,run,False,temperatureSensor1
2025-04-07 14:00:00,79.00399006801555,run,False,temperatureSensor1
2025-04-07 14:01:00,76.01076909940622,run,False,temperatureSensor1
2025-04-07 14:02:00,65.53796235477395,run,False,temperatureSensor1
2025-04-07 14:03:00,73.27795784799807,run,False,temperatureSensor1
2025-04-07 14:04:00,74.74720459549576,run,False,temperatureSensor1
2025-04-07 14:05:00,70.8242364758249,run,False,temperatureSensor1
2025-04-07 14:06:00,75.83422268415202,run,False,temperatureSensor1
2025-04-07 14:07:00,68.52614106380506,run,False,temperatureSensor1
2025-04-07 14:08:00,64.46176061553783,run,False,temperatureSensor1
2025-04-07 14:09:00,77.21274842231533,run,False,temperatureSensor1
2025-04-07 14:10:00,72.94920041914388,run,False,temperatureSensor1
2025-04-07 14:11:00,76.91321245557243,run,False,temperatureSensor1
2025-04-07 14:12:00,67.84853268850007,run,False,temperatureSensor1
2025-04-07 14:13:00,73.62090790981023,run,False,temperatureSensor1
2025-04-07 14:14:00,74.39312672779732,run,False,temperatureSensor1
2025-04-07 14:15:00,68.89727090513365,run,False,temperatureSensor1
2025-04-07 14:16:00,77.65609393610063,run,False,temperatureSensor1
2025-04-07 14:17:00,70.40362073053788,run,False,temperatureSensor1
2025-04-07 14:18:00,68.47284213791704,run,False,temperatureSensor1
2025-04-07 14:19:00,73.88864435701521,run,False,temperatureSensor1
2025-04-07 14:20:00,79.40059289156731,run,False,temperatureSensor1
2025-04-07 14:21:00,75.34830840264783,run,False,temperatureSensor1
2025-04-07 14:22:00,75.852648526878,run,False,temperatureSensor1
2025-04-07 14:23:00,65.19059309101242,run,False,temperatureSensor1
2025-04-07 14:24:00,71.88472112654838,run,False,temperatureSensor1
2025-04-07 14:25:00,77.99538064868024,run,False,temperatureSensor1
2025-04-07 14:26:00,75.66575199748866,run,False,temperatureSensor1
2025-04-07 14:27:00,75.61101435127142,run,False,temperatureSensor1
2025-04-07 14:28:00,76.79264127402055,run,False,temperatureSensor1
2025-04-07 14:29:00,68.78366443724991,run,False,temperatureSensor1
2025-04-07 14:30:00,79.70957628108613,run,False,temperatureSensor1
2025-04-07 14:31:00,78.43128398102692,run,False,temperatureSensor1
2025-04-07 14:32:00,74.41287754320538,run,False,temperatureSensor1
2025-04-07 14:33:00,77.99864265749466,run,False,temperatureSensor1
2025-04-07 14:34:00,70.50504003090938,run,False,temperatureSensor1
2025-04-07 14:35:00,79.5599058540296,run,False,temperatureSensor1
2025-04-07 14:36:00,77.97237944400027,run,False,temperatureSensor1
2025-04-07 14:37:00,67.40032815655317,run,False,temperatureSensor1
2025-04-07 14:38:00,68.8029605338892,run,False,temperatureSensor1
2025-04-07 14:39:00,76.89835527219121,run,False,temperatureSensor1
2025-04-07 14:40:00,71.3815205878071,run,False,temperatureSensor1
2025-04-07 14:41:00,66.65335673761425,run,False,temperatureSensor1
2025-04-07 14:42:00,74.75211688022847,run,False,temperatureSensor1
2025-04-07 14:43:00,65.53680679657523,run,False,temperatureSensor1
2025-04-07 14:44:00,72.9425649470386,run,False,temperatureSensor1
2025-04-07 14:45:00,68.13915899537152,run,False,temperatureSensor1
2025-04-07 14:46:00,65.79042949099549,run,False,temperatureSensor1
2025-04-07 14:47:00,79.9985009993693,run,False,temperatureSensor1
2025-04-07 14:48:00,67.57875821353346,run,False,temperatureSensor1
2025-04-07 14:49:00,66.79238796669787,run,False,temperatureSensor1
2025-04-07 14:50:00,73.41261074284782,run,False,temperatureSensor1
2025-04-07 14:51:00,77.86740312984485,run,False,temperatureSensor1
2025-04-07 14:52:00,74.40763829569768,run,False,temperatureSensor1
2025-04-07 14:53:00,70.74804883456879,run,False,temperatureSensor1
2025-04-07 14:54:00,75.87212230703696,run,False,temperatureSensor1
2025-04-07 14:55:00,76.47408672231316,run,False,temperatureSensor1
2025-04-07 14:56:00,64.0808690263388,run,False,temperatureSensor1
2025-04-07 14:57:00,71.04357822094067,run,False,temperatureSensor1
2025-04-07 14:58:00,74.87746574794511,run,False,temperatureSensor1
2025-04-07 14:59:00,74.08879489413408,run,False,temperatureSensor1
2025-04-07 15:00:00,64.94796300007908,run,False,temperatureSensor1
2025-04-07 15:01:00,73.90177475181649,run,False,temperatureSensor1
2025-04-07 15:02:00,76.86758787843416,run,False,temperatureSensor1
2025-04-07 15:03:00,71.73090134865396,run,False,temperatureSensor1
2025-04-07 15:04:00,67.96869111753398,run,False,temperatureSensor1
2025-04-07 15:05:00,77.60565333548513,run,False,temperatureSensor1
2025-04-07 15:06:00,79.96326147564807,run,False,temperatureSensor1
2025-04-07 15:07:00,68.80707827226725,run,False,temperatureSensor1
2025-04-07 15:08:00,74.73133696165674,run,False,temperatureSensor1
2025-04-07 15:09:00,70.86116002083698,run,False,temperatureSensor1
2025-04-07 15:10:00,75.10491228509969,run,False,temperatureSensor1
2025-04-07 15:11:00,71.67752705955093,run,False,temperatureSensor1
2025-04-07 15:12:00,64.744723155695,run,False,temperatureSensor1
2025-04-07 15:13:00,79.16173830411122,run,False,temperatureSensor1
2025-04-07 15:14:00,71.14784872581932,run,False,temperatureSensor1
2025-04-07 15:15:00,77.30306215637151,run,False,temperatureSensor1
2025-04-07 15:16:00,78.17962102089206,run,False,temperatureSensor1
2025-04-07 15:17:00,76.17294071839498,run,False,temperatureSensor1
2025-04-07 15:18:00,67.24595819753027,run,False,temperatureSensor1
2025-04-07 15:19:00,76.12101822169322,run,False,temperatureSensor1
2025-04-07 15:20:00,65.88143069245544,run,False,temperatureSensor1
2025-04-07 15:21:00,69.90611363422869,run,False,temperatureSensor1
2025-04-07 15:22:00,69.2937914134661,run,False,temperatureSensor1
2025-04-07 15:23:00,72.22446071724593,run,False,temperatureSensor1
2025-04-07 15:24:00,78.47028112029196,run,False,temperatureSensor1
2025-04-07 15:25:00,69.05845086764162,run,False,temperatureSensor1
2025-04-07 15:26:00,79.86832750354712,run,False,temperatureSensor1
2025-04-07 15:27:00,71.76514612841838,run,False,temperatureSensor1
2025-04-07 15:28:00,67.15302520024046,run,False,temperatureSensor1
2025-04-07 15:29:00,69.09471196335917,run,False,temperatureSensor1
2025-04-07 15:30:00,70.17857635681511,run,False,temperatureSensor1
2025-04-07 15:31:00,72.73575079571523,run,False,temperatureSensor1
2025-04-07 15:32:00,69.36029908748361,run,False,temperatureSensor1
2025-04-07 15:33:00,73.39388509313207,run,False,temperatureSensor1
2025-04-07 15:34:00,78.88367033106584,run,False,temperatureSensor1
2025-04-07 15:35:00,69.84700527887368,run,False,temperatureSensor1
2025-04-07 15:36:00,73.58455706148163,run,False,temperatureSensor1
2025-04-07 15:37:00,67.41956102604064,run,False,temperatureSensor1
2025-04-07 15:38:00,65.17215543819043,run,False,temperatureSensor1
2025-04-07 15:39:00,69.96614392253188,run,False,temperatureSensor1
2025-04-07 15:40:00,68.7922965911006,run,False,temperatureSensor1
2025-04-07 15:41:00,76.00323802542026,run,False,temperatureSensor1
2025-04-07 15:42:00,64.25113578819838,run,False,temperatureSensor1
2025-04-07 15:43:00,79.74748215118618,run,False,temperatureSensor1
2025-04-07 15:44:00,74.9382450849136,run,False,temperatureSensor1
2025-04-07 15:45:00,64.00756073415545,run,False,temperatureSensor1
2025-04-07 15:46:00,79.6172325939057,run,False,temperatureSensor1
2025-04-07 15:47:00,70.01400015565383,run,False,temperatureSensor1
2025-04-07 15:48:00,66.10764821789735,run,False,temperatureSensor1
2025-04-07 15:49:00,67.51306807454964,run,False,temperatureSensor1
2025-04-07 15:50:00,72.15831177626525,run,False,temperatureSensor1
2025-04-07 15:51:00,74.95507423769659,run,False,temperatureSensor1
2025-04-07 15:52:00,67.53882416747724,run,False,temperatureSensor1
2025-04-07 15:53:00,72.60648386277268,run,False,temperatureSensor1
2025-04-07 15:54:00,72.81252062675873,run,False,temperatureSensor1
2025-04-07 15:55:00,74.79714560197999,run,False,temperatureSensor1
2025-04-07 15:56:00,79.780811743542,run,False,temperatureSensor1
2025-04-07 15:57:00,77.28214730149426,run,False,temperatureSensor1
2025-04-07 15:58:00,76.15832336096175,run,False,temperatureSensor1
2025-04-07 15:59:00,78.82383648758248,run,False,temperatureSensor1
2025-04-07 16:00:00,68.16889136347396,run,False,temperatureSensor1
2025-04-07 16:01:00,66.0235926088294,run,False,temperatureSensor1
2025-04-07 16:02:00,77.90226439205271,run,False,temperatureSensor1
2025-04-07 16:03:00,77.781644038107,run,False,temperatureSensor1
2025-04-07 16:04:00,79.5195532480539,run,False,temperatureSensor1
2025-04-07 16:05:00,73.4147260196855,run,False,temperatureSensor1
2025-04-07 16:06:00,65.1492893079877,run,False,temperatureSensor1
2025-04-07 16:07:00,73.88485336182092,run,False,temperatureSensor1
2025-04-07 16:08:00,64.34607791090559,run,False,temperatureSensor1
2025-04-07 16:09:00,76.07557103050127,run,False,temperatureSensor1
2025-04-07 16:10:00,71.73862867409198,run,False,temperatureSensor1
2025-04-07 16:11:00,77.13335231614326,run,False,temperatureSensor1
2025-04-07 16:12:00,74.17025053817218,run,False,temperatureSensor1
2025-04-07 16:13:00,77.34736498009178,run,False,temperatureSensor1
2025-04-07 16:14:00,66.78443242956371,run,False,temperatureSensor1
2025-04-07 16:15:00,65.43707872838971,run,False,temperatureSensor1
2025-04-07 16:16:00,66.01421592902253,run,False,temperatureSensor1
2025-04-07 16:17:00,65.75501643809015,run,False,temperatureSensor1
2025-04-07 16:18:00,68.20715520731089,run,False,temperatureSensor1
2025-04-07 16:19:00,79.29541732513559,run,False,temperatureSensor1
2025-04-07 16:20:00,76.12830518254003,run,False,temperatureSensor1
2025-04-07 16:21:00,76.16930908904932,run,False,temperatureSensor1
2025-04-07 16:22:00,78.35871653024165,run,False,temperatureSensor1
2025-04-07 16:23:00,72.47989102595209,run,False,temperatureSensor1
2025-04-07 16:24:00,73.93331266284511,run,False,temperatureSensor1
2025-04-07 16:25:00,72.14510646380464,run,False,temperatureSensor1
2025-04-07 16:26:00,70.174492449524,run,False,temperatureSensor1
2025-04-07 16:27:00,65.17729818688895,run,False,temperatureSensor1
2025-04-07 16:28:00,64.4557539031799,run,False,temperatureSensor1
2025-04-07 16:29:00,69.50560709655026,run,False,temperatureSensor1
2025-04-07 16:30:00,77.97257804382474,run,False,temperatureSensor1
2025-04-07 16:31:00,78.79681407565675,run,False,temperatureSensor1
2025-04-07 16:32:00,75.27300849846127,run,False,temperatureSensor1
2025-04-07 16:33:00,70.28211671772934,run,False,temperatureSensor1
2025-04-07 16:34:00,69.52684183831195,run,False,temperatureSensor1
2025-04-07 16:35:00,70.11213094413182,run,False,temperatureSensor1
2025-04-07 16:36:00,67.04264679573518,run,False,temperatureSensor1
2025-04-07 16:37:00,77.56660130689377,run,False,temperatureSensor1
2025-04-07 16:38:00,66.33010821014602,run,False,temperatureSensor1
2025-04-07 16:39:00,77.92306460060956,run,False,temperatureSensor1
2025-04-07 16:40:00,70.47525161918585,run,False,temperatureSensor1
2025-04-07 16:41:00,70.68637241368177,run,False,temperatureSensor1
2025-04-07 16:42:00,75.60469866202912,run,False,temperatureSensor1
2025-04-07 16:43:00,69.55322249290805,run,False,temperatureSensor1
2025-04-07 16:44:00,67.78293596410622,run,False,temperatureSensor1
2025-04-07 16:45:00,101.84488788710011,run,True,temperatureSensor1
2025-04-07 16:46:00,101.74071107655124,run,True,temperatureSensor1
2025-04-07 16:47:00,104.67182864302202,run,True,temperatureSensor1
2025-04-07 16:48:00,101.12800570514536,run,True,temperatureSensor1
2025-04-07 16:49:00,100.10852090194001,run,True,temperatureSensor1
2025-04-07 16:50:00,100.39204663061513,run,True,temperatureSensor1
2025-04-07 16:51:00,100.98323325466474,run,True,temperatureSensor1
2025-04-07 16:52:00,101.08476417628881,run,True,temperatureSensor1
2025-04-07 16:53:00,102.77585527992217,run,True,temperatureSensor1
2025-04-07 16:54:00,101.54674362038988,run,True,temperatureSensor1
2025-04-07 16:55:00,68.66578365677769,run,False,temperatureSensor1
2025-04-07 16:56:00,79.54529813135561,run,False,temperatureSensor1
2025-04-07 16:57:00,70.60096452176302,run,False,temperatureSensor1
2025-04-07 16:58:00,65.08128932290913,run,False,temperatureSensor1
2025-04-07 16:59:00,76.10426927691677,run,False,temperatureSensor1
2025-04-07 17:00:00,20.0,idle,False,temperatureSensor1
2025-04-07 17:01:00,20.0,idle,False,temperatureSensor1
2025-04-07 17:02:00,20.0,idle,False,temperatureSensor1
2025-04-07 17:03:00,20.0,idle,False,temperatureSensor1
2025-04-07 17:04:00,20.0,idle,False,temperatureSensor1
2025-04-07 17:05:00,20.0,idle,False,temperatureSensor1
2025-04-07 17:06:00,20.0,idle,False,temperatureSensor1
2025-04-07 17:07:00,20.0,idle,False,temperatureSensor1
2025-04-07 17:08:00,20.0,idle,False,temperatureSensor1
2025-04-07 17:09:00,20.0,idle,False,temperatureSensor1
2025-04-07 17:10:00,20.0,idle,False,temperatureSensor1
2025-04-07 17:11:00,20.0,idle,False,temperatureSensor1
2025-04-07 17:12:00,20.0,idle,False,temperatureSensor1
2025-04-07 17:13:00,20.0,idle,False,temperatureSensor1
2025-04-07 17:14:00,20.0,idle,False,temperatureSensor1
2025-04-07 17:15:00,20.0,idle,False,temperatureSensor1
2025-04-07 17:16:00,20.0,idle,False,temperatureSensor1
2025-04-07 17:17:00,20.0,idle,False,temperatureSensor1
2025-04-07 17:18:00,20.0,idle,False,temperatureSensor1
2025-04-07 17:19:00,20.0,idle,False,temperatureSensor1
2025-04-07 17:20:00,20.0,idle,False,temperatureSensor1
2025-04-07 17:21:00,20.0,idle,False,temperatureSensor1
2025-04-07 17:22:00,20.0,idle,False,temperatureSensor1
2025-04-07 17:23:00,20.0,idle,False,temperatureSensor1
2025-04-07 17:24:00,20.0,idle,False,temperatureSensor1
2025-04-07 17:25:00,20.0,idle,False,temperatureSensor1
2025-04-07 17:26:00,20.0,idle,False,temperatureSensor1
2025-04-07 17:27:00,20.0,idle,False,temperatureSensor1
2025-04-07 17:28:00,20.0,idle,False,temperatureSensor1
2025-04-07 17:29:00,20.0,idle,False,temperatureSensor1
2025-04-07 17:30:00,75.6555503467851,run,False,temperatureSensor1
2025-04-07 17:31:00,76.42810234542864,run,False,temperatureSensor1
2025-04-07 17:32:00,72.87055011055506,run,False,temperatureSensor1
2025-04-07 17:33:00,77.25665493894665,run,False,temperatureSensor1
2025-04-07 17:34:00,78.688552763556,run,False,temperatureSensor1
2025-04-07 17:35:00,78.94166754489159,run,False,temperatureSensor1
2025-04-07 17:36:00,78.77243014453407,run,False,temperatureSensor1
2025-04-07 17:37:00,72.04909823313,run,False,temperatureSensor1
2025-04-07 17:38:00,70.95001874626645,run,False,temperatureSensor1
2025-04-07 17:39:00,65.18257369108409,run,False,temperatureSensor1
2025-04-07 17:40:00,75.15760349007172,run,False,temperatureSensor1
2025-04-07 17:41:00,69.7989303144463,run,False,temperatureSensor1
2025-04-07 17:42:00,73.57998304775155,run,False,temperatureSensor1
2025-04-07 17:43:00,72.82393393203722,run,False,temperatureSensor1
2025-04-07 17:44:00,73.98773614164841,run,False,temperatureSensor1
2025-04-07 17:45:00,76.0594133742757,run,False,temperatureSensor1
2025-04-07 17:46:00,75.55180297366906,run,False,temperatureSensor1
2025-04-07 17:47:00,79.12093182484378,run,False,temperatureSensor1
2025-04-07 17:48:00,79.0108065849461,run,False,temperatureSensor1
2025-04-07 17:49:00,76.65331086344304,run,False,temperatureSensor1
2025-04-07 17:50:00,67.08194183994678,run,False,temperatureSensor1
2025-04-07 17:51:00,64.0454262168796,run,False,temperatureSensor1
2025-04-07 17:52:00,67.61202544412485,run,False,temperatureSensor1
2025-04-07 17:53:00,75.54482736981944,run,False,temperatureSensor1
2025-04-07 17:54:00,70.67592971862557,run,False,temperatureSensor1
2025-04-07 17:55:00,76.46669367916057,run,False,temperatureSensor1
2025-04-07 17:56:00,78.63225550172359,run,False,temperatureSensor1
2025-04-07 17:57:00,69.49483853383359,run,False,temperatureSensor1
2025-04-07 17:58:00,66.66688344256596,run,False,temperatureSensor1
2025-04-07 17:59:00,65.31177814881627,run,False,temperatureSensor1
2025-04-07 18:00:00,73.5059872455887,run,False,temperatureSensor1
2025-04-07 18:01:00,71.98756401281616,run,False,temperatureSensor1
2025-04-07 18:02:00,74.73050716827001,run,False,temperatureSensor1
2025-04-07 18:03:00,68.69102059899771,run,False,temperatureSensor1
2025-04-07 18:04:00,68.50664337196814,run,False,temperatureSensor1
2025-04-07 18:05:00,69.73619248772866,run,False,temperatureSensor1
2025-04-07 18:06:00,64.28603412464531,run,False,temperatureSensor1
2025-04-07 18:07:00,74.45070594297142,run,False,temperatureSensor1
2025-04-07 18:08:00,65.27284047052252,run,False,temperatureSensor1
2025-04-07 18:09:00,72.21451024248361,run,False,temperatureSensor1
2025-04-07 18:10:00,69.3333859209668,run,False,temperatureSensor1
2025-04-07 18:11:00,67.69237855455586,run,False,temperatureSensor1
2025-04-07 18:12:00,70.92040068091829,run,False,temperatureSensor1
2025-04-07 18:13:00,74.0120676507214,run,False,temperatureSensor1
2025-04-07 18:14:00,73.03002283832777,run,False,temperatureSensor1
2025-04-07 18:15:00,67.84976544600912,run,False,temperatureSensor1
2025-04-07 18:16:00,64.72801648800215,run,False,temperatureSensor1
2025-04-07 18:17:00,79.75882962678116,run,False,temperatureSensor1
2025-04-07 18:18:00,75.53589965984904,run,False,temperatureSensor1
2025-04-07 18:19:00,71.52585973612626,run,False,temperatureSensor1
2025-04-07 18:20:00,66.0271345529062,run,False,temperatureSensor1
2025-04-07 18:21:00,75.56308982069825,run,False,temperatureSensor1
2025-04-07 18:22:00,72.35542197708783,run,False,temperatureSensor1
2025-04-07 18:23:00,75.98973844438245,run,False,temperatureSensor1
2025-04-07 18:24:00,74.97394659886982,run,False,temperatureSensor1
2025-04-07 18:25:00,74.80034093374721,run,False,temperatureSensor1
2025-04-07 18:26:00,69.42374153025528,run,False,temperatureSensor1
2025-04-07 18:27:00,64.76707071823589,run,False,temperatureSensor1
2025-04-07 18:28:00,72.16091857012725,run,False,temperatureSensor1
2025-04-07 18:29:00,72.72894874481233,run,False,temperatureSensor1
2025-04-07 18:30:00,65.55781003945913,run,False,temperatureSensor1
2025-04-07 18:31:00,66.33211986606463,run,False,temperatureSensor1
2025-04-07 18:32:00,77.77592163379364,run,False,temperatureSensor1
2025-04-07 18:33:00,70.00005566073051,run,False,temperatureSensor1
2025-04-07 18:34:00,74.38775645578444,run,False,temperatureSensor1
2025-04-07 18:35:00,76.52624071409032,run,False,temperatureSensor1
2025-04-07 18:36:00,69.1233479118741,run,False,temperatureSensor1
2025-04-07 18:37:00,66.12626127907558,run,False,temperatureSensor1
2025-04-07 18:38:00,74.38871769397139,run,False,temperatureSensor1
2025-04-07 18:39:00,70.06667129639958,run,False,temperatureSensor1
2025-04-07 18:40:00,70.83524035593297,run,False,temperatureSensor1
2025-04-07 18:41:00,66.24829673934323,run,False,temperatureSensor1
2025-04-07 18:42:00,65.18481892156385,run,False,temperatureSensor1
2025-04-07 18:43:00,71.48712478824797,run,False,temperatureSensor1
2025-04-07 18:44:00,76.5857538727357,run,False,temperatureSensor1
2025-04-07 18:45:00,75.63573897430128,run,False,temperatureSensor1
2025-04-07 18:46:00,71.94807409626505,run,False,temperatureSensor1
2025-04-07 18:47:00,76.71613191069616,run,False,temperatureSensor1
2025-04-07 18:48:00,66.77876199283466,run,False,temperatureSensor1
2025-04-07 18:49:00,77.38219939604413,run,False,temperatureSensor1
2025-04-07 18:50:00,76.37649826217144,run,False,temperatureSensor1
2025-04-07 18:51:00,67.92248317377093,run,False,temperatureSensor1
2025-04-07 18:52:00,72.67227135646883,run,False,temperatureSensor1
2025-04-07 18:53:00,66.66443329735999,run,False,temperatureSensor1
2025-04-07 18:54:00,77.76843108100536,run,False,temperatureSensor1
2025-04-07 18:55:00,69.77138998584053,run,False,temperatureSensor1
2025-04-07 18:56:00,70.77838502412817,run,False,temperatureSensor1
2025-04-07 18:57:00,74.81541474592608,run,False,temperatureSensor1
2025-04-07 18:58:00,69.98017628721502,run,False,temperatureSensor1
2025-04-07 18:59:00,65.95275443003607,run,False,temperatureSensor1
2025-04-07 19:00:00,77.98881868105835,run,False,temperatureSensor1
2025-04-07 19:01:00,70.4866873526054,run,False,temperatureSensor1
2025-04-07 19:02:00,73.57055514871504,run,False,temperatureSensor1
2025-04-07 19:03:00,67.84844050144909,run,False,temperatureSensor1
2025-04-07 19:04:00,69.2327454097603,run,False,temperatureSensor1
2025-04-07 19:05:00,77.7607463511961,run,False,temperatureSensor1
2025-04-07 19:06:00,66.8895640726085,run,False,temperatureSensor1
2025-04-07 19:07:00,64.69706834241255,run,False,temperatureSensor1
2025-04-07 19:08:00,64.20204638176025,run,False,temperatureSensor1
2025-04-07 19:09:00,74.00165349671764,run,False,temperatureSensor1
2025-04-07 19:10:00,76.18744271535002,run,False,temperatureSensor1
2025-04-07 19:11:00,66.4204330634374,run,False,temperatureSensor1
2025-04-07 19:12:00,64.13646571903716,run,False,temperatureSensor1
2025-04-07 19:13:00,65.47509749856886,run,False,temperatureSensor1
2025-04-07 19:14:00,76.70302043418745,run,False,temperatureSensor1
2025-04-07 19:15:00,64.97973077833089,run,False,temperatureSensor1
2025-04-07 19:16:00,68.36664983511348,run,False,temperatureSensor1
2025-04-07 19:17:00,66.12969713644831,run,False,temperatureSensor1
2025-04-07 19:18:00,66.29756664175721,run,False,temperatureSensor1
2025-04-07 19:19:00,69.35089395396813,run,False,temperatureSensor1
2025-04-07 19:20:00,68.35511948837215,run,False,temperatureSensor1
2025-04-07 19:21:00,74.7484066455294,run,False,temperatureSensor1
2025-04-07 19:22:00,76.48426406212124,run,False,temperatureSensor1
2025-04-07 19:23:00,78.30160395128061,run,False,temperatureSensor1
2025-04-07 19:24:00,66.38196334668403,run,False,temperatureSensor1
2025-04-07 19:25:00,75.05762831469616,run,False,temperatureSensor1
2025-04-07 19:26:00,66.29385452971339,run,False,temperatureSensor1
2025-04-07 19:27:00,78.27193386364152,run,False,temperatureSensor1
2025-04-07 19:28:00,76.68416587280001,run,False,temperatureSensor1
2025-04-07 19:29:00,75.11328947749504,run,False,temperatureSensor1
2025-04-07 19:30:00,74.93337664393017,run,False,temperatureSensor1
2025-04-07 19:31:00,79.56684715387331,run,False,temperatureSensor1
2025-04-07 19:32:00,75.93709529780358,run,False,temperatureSensor1
2025-04-07 19:33:00,69.36273705584274,run,False,temperatureSensor1
2025-04-07 19:34:00,67.16312950026679,run,False,temperatureSensor1
2025-04-07 19:35:00,68.70940045458073,run,False,temperatureSensor1
2025-04-07 19:36:00,75.14064147576384,run,False,temperatureSensor1
2025-04-07 19:37:00,70.68376681624257,run,False,temperatureSensor1
2025-04-07 19:38:00,75.7473685327459,run,False,temperatureSensor1
2025-04-07 19:39:00,79.36253697743624,run,False,temperatureSensor1
2025-04-07 19:40:00,65.96878056029259,run,False,temperatureSensor1
2025-04-07 19:41:00,74.02039289567699,run,False,temperatureSensor1
2025-04-07 19:42:00,78.87721239592473,run,False,temperatureSensor1
2025-04-07 19:43:00,74.36218052867665,run,False,temperatureSensor1
2025-04-07 19:44:00,79.77205770882696,run,False,temperatureSensor1
2025-04-07 19:45:00,64.60779677440668,run,False,temperatureSensor1
2025-04-07 19:46:00,72.14600791916831,run,False,temperatureSensor1
2025-04-07 19:47:00,73.27124415905935,run,False,temperatureSensor1
2025-04-07 19:48:00,73.9241955015364,run,False,temperatureSensor1
2025-04-07 19:49:00,67.31883153519222,run,False,temperatureSensor1
2025-04-07 19:50:00,79.87326763996344,run,False,temperatureSensor1
2025-04-07 19:51:00,66.07001760624001,run,False,temperatureSensor1
2025-04-07 19:52:00,64.05566462333587,run,False,temperatureSensor1
2025-04-07 19:53:00,75.18112246812781,run,False,temperatureSensor1
2025-04-07 19:54:00,68.81750613945339,run,False,temperatureSensor1
2025-04-07 19:55:00,77.17350303405493,run,False,temperatureSensor1
2025-04-07 19:56:00,71.36419286973376,run,False,temperatureSensor1
2025-04-07 19:57:00,72.92282360221033,run,False,temperatureSensor1
2025-04-07 19:58:00,68.27361504242974,run,False,temperatureSensor1
2025-04-07 19:59:00,73.87474200115815,run,False,temperatureSensor1
2025-04-07 20:00:00,69.4974520453342,run,False,temperatureSensor1
2025-04-07 20:01:00,75.15317190708214,run,False,temperatureSensor1
2025-04-07 20:02:00,74.70170613864556,run,False,temperatureSensor1
2025-04-07 20:03:00,69.800018788547,run,False,temperatureSensor1
2025-04-07 20:04:00,66.79852372036487,run,False,temperatureSensor1
2025-04-07 20:05:00,74.21759493725108,run,False,temperatureSensor1
2025-04-07 20:06:00,66.9132070377757,run,False,temperatureSensor1
2025-04-07 20:07:00,68.27025029976315,run,False,temperatureSensor1
2025-04-07 20:08:00,64.78850254443945,run,False,temperatureSensor1
2025-04-07 20:09:00,73.6675526690291,run,False,temperatureSensor1
2025-04-07 20:10:00,74.74747254989563,run,False,temperatureSensor1
2025-04-07 20:11:00,76.30896905065228,run,False,temperatureSensor1
2025-04-07 20:12:00,71.26003196701126,run,False,temperatureSensor1
2025-04-07 20:13:00,78.8417082397521,run,False,temperatureSensor1
2025-04-07 20:14:00,69.20775696586858,run,False,temperatureSensor1
2025-04-07 20:15:00,69.73424555863,run,False,temperatureSensor1
2025-04-07 20:16:00,73.67825352463252,run,False,temperatureSensor1
2025-04-07 20:17:00,65.15652964392983,run,False,temperatureSensor1
2025-04-07 20:18:00,77.0131682417735,run,False,temperatureSensor1
2025-04-07 20:19:00,77.48561035194992,run,False,temperatureSensor1
2025-04-07 20:20:00,77.84422896652123,run,False,temperatureSensor1
2025-04-07 20:21:00,71.16852864868427,run,False,temperatureSensor1
2025-04-07 20:22:00,75.57159634494087,run,False,temperatureSensor1
2025-04-07 20:23:00,67.9609388205387,run,False,temperatureSensor1
2025-04-07 20:24:00,79.87450375828594,run,False,temperatureSensor1
2025-04-07 20:25:00,77.01766148705826,run,False,temperatureSensor1
2025-04-07 20:26:00,66.69032702841929,run,False,temperatureSensor1
2025-04-07 20:27:00,69.3090823447661,run,False,temperatureSensor1
2025-04-07 20:28:00,79.1415013206318,run,False,temperatureSensor1
2025-04-07 20:29:00,79.10898540603031,run,False,temperatureSensor1
2025-04-07 20:30:00,78.9816322631375,run,False,temperatureSensor1
2025-04-07 20:31:00,76.01031349146058,run,False,temperatureSensor1
2025-04-07 20:32:00,70.20210427816843,run,False,temperatureSensor1
2025-04-07 20:33:00,72.67189793203781,run,False,temperatureSensor1
2025-04-07 20:34:00,75.43701632859047,run,False,temperatureSensor1
2025-04-07 20:35:00,77.72868238883555,run,False,temperatureSensor1
2025-04-07 20:36:00,67.12335429454075,run,False,temperatureSensor1
2025-04-07 20:37:00,77.89479793565184,run,False,temperatureSensor1
2025-04-07 20:38:00,68.9769392190996,run,False,temperatureSensor1
2025-04-07 20:39:00,65.88024790770257,run,False,temperatureSensor1
2025-04-07 20:40:00,64.8590350573203,run,False,temperatureSensor1
2025-04-07 20:41:00,73.10806633428436,run,False,temperatureSensor1
2025-04-07 20:42:00,75.71415492334995,run,False,temperatureSensor1
2025-04-07 20:43:00,76.94103978502525,run,False,temperatureSensor1
2025-04-07 20:44:00,70.85510733600029,run,False,temperatureSensor1
2025-04-07 20:45:00,70.8219827350158,run,False,temperatureSensor1
2025-04-07 20:46:00,78.22285667875849,run,False,temperatureSensor1
2025-04-07 20:47:00,71.89789432616138,run,False,temperatureSensor1
2025-04-07 20:48:00,77.52711430167275,run,False,temperatureSensor1
2025-04-07 20:49:00,70.47175319070485,run,False,temperatureSensor1
2025-04-07 20:50:00,73.23579279652094,run,False,temperatureSensor1
2025-04-07 20:51:00,70.36958990158871,run,False,temperatureSensor1
2025-04-07 20:52:00,73.8060914519636,run,False,temperatureSensor1
2025-04-07 20:53:00,76.13931868417387,run,False,temperatureSensor1
2025-04-07 20:54:00,67.16565631901902,run,False,temperatureSensor1
2025-04-07 20:55:00,77.16431937566901,run,False,temperatureSensor1
2025-04-07 20:56:00,64.82521973210649,run,False,temperatureSensor1
2025-04-07 20:57:00,72.62332193197872,run,False,temperatureSensor1
2025-04-07 20:58:00,71.57997649823211,run,False,temperatureSensor1
2025-04-07 20:59:00,78.13337668465337,run,False,temperatureSensor1
2025-04-07 21:00:00,65.9269252953455,run,False,temperatureSensor1
2025-04-07 21:01:00,77.40786204064565,run,False,temperatureSensor1
2025-04-07 21:02:00,69.99265673117065,run,False,temperatureSensor1
2025-04-07 21:03:00,76.21573539202204,run,False,temperatureSensor1
2025-04-07 21:04:00,66.58820564903345,run,False,temperatureSensor1
2025-04-07 21:05:00,70.5313504535155,run,False,temperatureSensor1
2025-04-07 21:06:00,64.21769959142765,run,False,temperatureSensor1
2025-04-07 21:07:00,75.21026890784573,run,False,temperatureSensor1
2025-04-07 21:08:00,75.68075437971422,run,False,temperatureSensor1
2025-04-07 21:09:00,78.50397334675668,run,False,temperatureSensor1
2025-04-07 21:10:00,72.08740129350008,run,False,temperatureSensor1
2025-04-07 21:11:00,71.36624114788441,run,False,temperatureSensor1
2025-04-07 21:12:00,65.62147333723615,run,False,temperatureSensor1
2025-04-07 21:13:00,67.38298372375547,run,False,temperatureSensor1
2025-04-07 21:14:00,79.55622944774143,run,False,temperatureSensor1
2025-04-07 21:15:00,71.66036870858456,run,False,temperatureSensor1
2025-04-07 21:16:00,71.80999194372646,run,False,temperatureSensor1
2025-04-07 21:17:00,76.1201058244708,run,False,temperatureSensor1
2025-04-07 21:18:00,73.55326298775208,run,False,temperatureSensor1
2025-04-07 21:19:00,67.53731536116314,run,False,temperatureSensor1
2025-04-07 21:20:00,77.9966414247689,run,False,temperatureSensor1
2025-04-07 21:21:00,75.80459906835131,run,False,temperatureSensor1
2025-04-07 21:22:00,70.61650741619111,run,False,temperatureSensor1
2025-04-07 21:23:00,65.90439916979355,run,False,temperatureSensor1
2025-04-07 21:24:00,79.3126113483777,run,False,temperatureSensor1
2025-04-07 21:25:00,75.99513178036781,run,False,temperatureSensor1
2025-04-07 21:26:00,66.12991641117932,run,False,temperatureSensor1
2025-04-07 21:27:00,73.01340807870082,run,False,temperatureSensor1
2025-04-07 21:28:00,69.20509876061885,run,False,temperatureSensor1
2025-04-07 21:29:00,72.20715095222127,run,False,temperatureSensor1
2025-04-07 21:30:00,72.17465552109438,run,False,temperatureSensor1
2025-04-07 21:31:00,77.56355220559354,run,False,temperatureSensor1
2025-04-07 21:32:00,64.19652873124328,run,False,temperatureSensor1
2025-04-07 21:33:00,66.62899499032139,run,False,temperatureSensor1
2025-04-07 21:34:00,76.63130535163735,run,False,temperatureSensor1
2025-04-07 21:35:00,67.15120273172269,run,False,temperatureSensor1
2025-04-07 21:36:00,68.80076410149167,run,False,temperatureSensor1
2025-04-07 21:37:00,70.11243217253096,run,False,temperatureSensor1
2025-04-07 21:38:00,65.98599065655934,run,False,temperatureSensor1
2025-04-07 21:39:00,73.17138088800456,run,False,temperatureSensor1
2025-04-07 21:40:00,73.45624077817055,run,False,temperatureSensor1
2025-04-07 21:41:00,69.90642290735799,run,False,temperatureSensor1
2025-04-07 21:42:00,73.08402109141807,run,False,temperatureSensor1
2025-04-07 21:43:00,64.70752246260709,run,False,temperatureSensor1
2025-04-07 21:44:00,78.11647705098895,run,False,temperatureSensor1
2025-04-07 21:45:00,79.39171509006619,run,False,temperatureSensor1
2025-04-07 21:46:00,64.22387724446901,run,False,temperatureSensor1
2025-04-07 21:47:00,66.2632097812112,run,False,temperatureSensor1
2025-04-07 21:48:00,73.83871484165711,run,False,temperatureSensor1
2025-04-07 21:49:00,71.32739429550294,run,False,temperatureSensor1
2025-04-07 21:50:00,67.20220195732436,run,False,temperatureSensor1
2025-04-07 21:51:00,71.88917734170509,run,False,temperatureSensor1
2025-04-07 21:52:00,65.87047168895718,run,False,temperatureSensor1
2025-04-07 21:53:00,79.07025644565115,run,False,temperatureSensor1
2025-04-07 21:54:00,70.84026727897279,run,False,temperatureSensor1
2025-04-07 21:55:00,78.00346281739505,run,False,temperatureSensor1
2025-04-07 21:56:00,74.56315391203498,run,False,temperatureSensor1
2025-04-07 21:57:00,65.86868291975668,run,False,temperatureSensor1
2025-04-07 21:58:00,69.94262954196881,run,False,temperatureSensor1
2025-04-07 21:59:00,64.67051961879883,run,False,temperatureSensor1
2025-04-07 22:00:00,73.00404242325989,run,False,temperatureSensor1
2025-04-07 22:01:00,78.6779636902391,run,False,temperatureSensor1
2025-04-07 22:02:00,79.88151865309405,run,False,temperatureSensor1
2025-04-07 22:03:00,78.08324989171751,run,False,temperatureSensor1
2025-04-07 22:04:00,72.42624502832187,run,False,temperatureSensor1
2025-04-07 22:05:00,78.9333067109769,run,False,temperatureSensor1
2025-04-07 22:06:00,77.67015508129084,run,False,temperatureSensor1
2025-04-07 22:07:00,68.71434224200817,run,False,temperatureSensor1
2025-04-07 22:08:00,64.10371204941757,run,False,temperatureSensor1
2025-04-07 22:09:00,68.82817932210779,run,False,temperatureSensor1
2025-04-07 22:10:00,68.57629108317178,run,False,temperatureSensor1
2025-04-07 22:11:00,73.58762565888769,run,False,temperatureSensor1
2025-04-07 22:12:00,67.55243622462116,run,False,temperatureSensor1
2025-04-07 22:13:00,77.30292305912553,run,False,temperatureSensor1
2025-04-07 22:14:00,65.7503333490438,run,False,temperatureSensor1
2025-04-07 22:15:00,64.34186682715209,run,False,temperatureSensor1
2025-04-07 22:16:00,65.17076299162962,run,False,temperatureSensor1
2025-04-07 22:17:00,69.04907593472036,run,False,temperatureSensor1
2025-04-07 22:18:00,64.92983788875637,run,False,temperatureSensor1
2025-04-07 22:19:00,76.60934678685948,run,False,temperatureSensor1
2025-04-07 22:20:00,73.53049983454153,run,False,temperatureSensor1
2025-04-07 22:21:00,75.0333988093356,run,False,temperatureSensor1
2025-04-07 22:22:00,73.85189361010146,run,False,temperatureSensor1
2025-04-07 22:23:00,69.68834522979549,run,False,temperatureSensor1
2025-04-07 22:24:00,66.65525789841932,run,False,temperatureSensor1
2025-04-07 22:25:00,65.19347971295821,run,False,temperatureSensor1
2025-04-07 22:26:00,72.03295254340512,run,False,temperatureSensor1
2025-04-07 22:27:00,71.36622553493162,run,False,temperatureSensor1
2025-04-07 22:28:00,64.24340174917577,run,False,temperatureSensor1
2025-04-07 22:29:00,68.94213060765891,run,False,temperatureSensor1
2025-04-07 22:30:00,79.52290367217086,run,False,temperatureSensor1
2025-04-07 22:31:00,71.26491816886364,run,False,temperatureSensor1
2025-04-07 22:32:00,77.14210625410112,run,False,temperatureSensor1
2025-04-07 22:33:00,74.90211986385405,run,False,temperatureSensor1
2025-04-07 22:34:00,65.16365390355244,run,False,temperatureSensor1
2025-04-07 22:35:00,76.7983264780655,run,False,temperatureSensor1
2025-04-07 22:36:00,67.8723076105502,run,False,temperatureSensor1
2025-04-07 22:37:00,77.74128140983247,run,False,temperatureSensor1
2025-04-07 22:38:00,72.1126536965614,run,False,temperatureSensor1
2025-04-07 22:39:00,65.88659420318798,run,False,temperatureSensor1
2025-04-07 22:40:00,71.82562474495171,run,False,temperatureSensor1
2025-04-07 22:41:00,74.16286567480478,run,False,temperatureSensor1
2025-04-07 22:42:00,71.2234761618647,run,False,temperatureSensor1
2025-04-07 22:43:00,65.55560410509358,run,False,temperatureSensor1
2025-04-07 22:44:00,64.57225793097336,run,False,temperatureSensor1
2025-04-07 22:45:00,73.30161549881527,run,False,temperatureSensor1
2025-04-07 22:46:00,72.51471423773376,run,False,temperatureSensor1
2025-04-07 22:47:00,64.99363093255259,run,False,temperatureSensor1
2025-04-07 22:48:00,76.87690717773731,run,False,temperatureSensor1
2025-04-07 22:49:00,79.28128417799059,run,False,temperatureSensor1
2025-04-07 22:50:00,79.08368904795859,run,False,temperatureSensor1
2025-04-07 22:51:00,71.83333645797177,run,False,temperatureSensor1
2025-04-07 22:52:00,70.9631388808437,run,False,temperatureSensor1
2025-04-07 22:53:00,65.12757260008465,run,False,temperatureSensor1
2025-04-07 22:54:00,64.55402354040557,run,False,temperatureSensor1
2025-04-07 22:55:00,76.37083078351247,run,False,temperatureSensor1
2025-04-07 22:56:00,74.78614953128735,run,False,temperatureSensor1
2025-04-07 22:57:00,64.76640624242668,run,False,temperatureSensor1
2025-04-07 22:58:00,77.81815474160653,run,False,temperatureSensor1
2025-04-07 22:59:00,68.8354768240966,run,False,temperatureSensor1
2025-04-07 23:00:00,77.54953092204647,run,False,temperatureSensor1
2025-04-07 23:01:00,75.87756362169003,run,False,temperatureSensor1
2025-04-07 23:02:00,75.55428105029102,run,False,temperatureSensor1
2025-04-07 23:03:00,72.22247442202374,run,False,temperatureSensor1
2025-04-07 23:04:00,64.77188688727824,run,False,temperatureSensor1
2025-04-07 23:05:00,79.45277776074784,run,False,temperatureSensor1
2025-04-07 23:06:00,69.62336472209307,run,False,temperatureSensor1
2025-04-07 23:07:00,71.42861343550823,run,False,temperatureSensor1
2025-04-07 23:08:00,72.2358664196679,run,False,temperatureSensor1
2025-04-07 23:09:00,71.6732333898639,run,False,temperatureSensor1
2025-04-07 23:10:00,78.58287419359712,run,False,temperatureSensor1
2025-04-07 23:11:00,67.10982613519025,run,False,temperatureSensor1
2025-04-07 23:12:00,75.4894932318389,run,False,temperatureSensor1
2025-04-07 23:13:00,72.81307201343755,run,False,temperatureSensor1
2025-04-07 23:14:00,74.68679792717025,run,False,temperatureSensor1
2025-04-07 23:15:00,69.0917660306744,run,False,temperatureSensor1
2025-04-07 23:16:00,77.90935544407446,run,False,temperatureSensor1
2025-04-07 23:17:00,69.37631606921087,run,False,temperatureSensor1
2025-04-07 23:18:00,69.7750848763628,run,False,temperatureSensor1
2025-04-07 23:19:00,69.01654733519175,run,False,temperatureSensor1
2025-04-07 23:20:00,74.30460033757413,run,False,temperatureSensor1
2025-04-07 23:21:00,67.93543114665678,run,False,temperatureSensor1
2025-04-07 23:22:00,78.07204489836644,run,False,temperatureSensor1
2025-04-07 23:23:00,76.46705339957238,run,False,temperatureSensor1
2025-04-07 23:24:00,69.70276953334636,run,False,temperatureSensor1
2025-04-07 23:25:00,71.42671709317031,run,False,temperatureSensor1
2025-04-07 23:26:00,74.69769660944044,run,False,temperatureSensor1
2025-04-07 23:27:00,67.60005350271081,run,False,temperatureSensor1
2025-04-07 23:28:00,76.53788483112506,run,False,temperatureSensor1
2025-04-07 23:29:00,73.80866687612837,run,False,temperatureSensor1
2025-04-07 23:30:00,71.09318270206325,run,False,temperatureSensor1
2025-04-07 23:31:00,67.19492593471492,run,False,temperatureSensor1
2025-04-07 23:32:00,66.22333781486508,run,False,temperatureSensor1
2025-04-07 23:33:00,72.73637631168181,run,False,temperatureSensor1
2025-04-07 23:34:00,74.3301239306378,run,False,temperatureSensor1
2025-04-07 23:35:00,77.09461379267061,run,False,temperatureSensor1
2025-04-07 23:36:00,74.21654151740844,run,False,temperatureSensor1
2025-04-07 23:37:00,75.57924994681531,run,False,temperatureSensor1
2025-04-07 23:38:00,75.67447824831568,run,False,temperatureSensor1
2025-04-07 23:39:00,76.28176775080635,run,False,temperatureSensor1
2025-04-07 23:40:00,68.78192283130198,run,False,temperatureSensor1
2025-04-07 23:41:00,71.9364188513227,run,False,temperatureSensor1
2025-04-07 23:42:00,77.03774444186328,run,False,temperatureSensor1
2025-04-07 23:43:00,71.23990765919109,run,False,temperatureSensor1
2025-04-07 23:44:00,65.46917817657821,run,False,temperatureSensor1
2025-04-07 23:45:00,65.49557967556947,run,False,temperatureSensor1
2025-04-07 23:46:00,67.87846478934762,run,False,temperatureSensor1
2025-04-07 23:47:00,74.88451598264807,run,False,temperatureSensor1
2025-04-07 23:48:00,73.99357238190814,run,False,temperatureSensor1
2025-04-07 23:49:00,70.94847387561055,run,False,temperatureSensor1
2025-04-07 23:50:00,65.73781646478491,run,False,temperatureSensor1
2025-04-07 23:51:00,68.47581157405867,run,False,temperatureSensor1
2025-04-07 23:52:00,70.15103815083759,run,False,temperatureSensor1
2025-04-07 23:53:00,76.20441875385448,run,False,temperatureSensor1
2025-04-07 23:54:00,73.1556712086398,run,False,temperatureSensor1
2025-04-07 23:55:00,78.67798615466872,run,False,temperatureSensor1
2025-04-07 23:56:00,72.7916634292272,run,False,temperatureSensor1
2025-04-07 23:57:00,79.71198253105024,run,False,temperatureSensor1
2025-04-07 23:58:00,69.77447563925722,run,False,temperatureSensor1
